record_id,question
a,a
mxadol_8ReURfdhGW,d835e673fe0dc0f0cc1ad6d787aa8ff81fdad20131f543c406efa8593a0ae506
mxadol_8zXiNUx7BK,49db5874d6fb197f3a6196b4a75701c48471c861419cfc7e852ab75c76ebdd5f
mxadol_ACojJWKfrE,94df6835a9bdefd916daf9aadb8eeba42da435d0bb4fe51d63407a26d9cd8426
mxadol_aHhVD1XnST,709160149e5a6453679391d2c4a1d99ad0c39334b4136f6daa646de061258b6a
mxadol_AkEUtLHCzw,08a8b3e056cf6a1f47ab9386591c4f4ef3e0ba63e2409e43651366a45edae52e
mxadol_aMV5Mi7TZt,1818c31562f61879d425687e4ed390e3dc72af57de8d716fdd2589cb00b5369d
mxadol_ApNDQgAAQ9,f5f13051e12df9ae7897de89ff90bda496e9a82d882edf19d6350afa3e6c9ce8
mxadol_ArGhsotxPE,8cdcf062af82471eb7f2a55ca3e2a53b1d67651de0524d9923d50f0f6cdce92e
mxadol_avR5KK2Nay,8cc6ad1308e7fb01734d9c468bffaf7e68db31be85d35ec7f9d13614d0451873
mxadol_azpXXk4Rll,6cd2ec0831289c4fdac230e88c56926e3932e252463773ba72a2d520a45ddd07
mxadol_b8N5DVmqbn,0729d765b33ade7ec857058fbd75d45a3619d91019e95981b595c64654d64736
mxadol_B20TqIIcVR,206dc86bca3b1945217785ed4ab215d4295bb384c8895a27a780aee020fb3f2d
mxadol_c8t5n13j7s,6c50bfffa70623c8eea277a1ed80872b34fa7b0ec1915f7ce03fd2a1c9d21281
mxadol_CA2VHKjFwU,25d7cb4de82b3a0c8312e532d598b9a0b975c6b518dd00965c1d84efcf818d5c
mxadol_ckpQjQ2jmp,82ae6b491154eb19920e6436fc9909c07e16324cdb69fb8ae45687fef0525d34
mxadol_CLawjGbiF0,2e9c82ea3a60266395d3d0c8e3a5c75b54bceaa03d7084e2d7a5d8f4bc66507b
mxadol_DcvfxahBvU,f61b4c98a460d4a040f16c6f94b1533243115d959c89ca4934ce1d1bb05ee4b4
mxadol_drNg9PwwFt,67c77954228464cfae02abfa999fa1233758b84452b6d4f1ba347a016d77d61e
mxadol_DWiWgVy78N,7c6f92960d0132e066d5b2531495471b3f2dc95b03f9491854ed59553391d589
mxadol_DYHyHE88Y0,f9f550e78c72564b25d8930b0c12aa7b2d7cb98fe87b471d47e4802dab0d6a35
mxadol_e4CPWUgLZc,036d182e68ad569caa1c91de180ad06b2fd03c734275db60110cba3dd55da150
mxadol_EMR6CH5PIq,2ee62c43011c023f2dadde5daa250a3cf501c1c9285299906f0e5a2cde47333a
mxadol_fb8HIb7yaV,36a3b7b555f89371d84079828c86f3c4e8dd70593034a0461337eeceb700510e
mxadol_FeHJsJIKtp,bdff63e54113641f9e8c7f617a5068dce37fa5626cd06e5a6d9b6ab93fb1520c
mxadol_fF6WNASpMP,413609e14844ed2e23190477a9b8af9333076fb36f949e878d16ca7d061fc01c
mxadol_Fl972NIJv4,5beca496ecc8e99e107d5ad22a709bbe60e754fadc92002a1237314e570dfcac
mxadol_FmdXSSV15p,a851f003328f9be8ae87d42455957fb5fb65bb7d0e008c75563d8257145b54ec
mxadol_FUawIcsc0T,735316612f278bd8bb35a43ad340db6901f4abdfecac463ef21d88dc0d836c58
mxadol_FV4b938HUC,b0527c7ef12082b9f31d0aa3117c249e53d4b7a5ff57a10b056404fcd1a3d52d
mxadol_GdJqXNRmSf,d720e86f09d7338359a86c1572e1a60bb9fe8d3f3f10cceff35ad860168f43ce
mxadol_GeREN7eKVI,3772e4a012c30b6dc65e85b96233f6ba33d9c445f1268259528a7cf8787fe52b
mxadol_gnwl8cDcHB,fd8cb1259583f6a447281438b917f4cb225274cb7a165b0e36ecd24635250dda
mxadol_gQFifJFbUx,cf8f6a0b8a4df03dd094fca22511a572fb55f2d54c3fd0532df05feb653eb095
mxadol_H4eAq3dACh,22e3f95697fd566556e74984d02bd6606e084cfe11bec10f6802afabb09686d0
mxadol_Hp9HKn5Zsz,21dca3cecfcb1b2b65864fc827d1b7b31ff109963e90fe33a149fb0a2bac4331
mxadol_hRHpnPxZlD,299706dba44c2ff357d7e96d648d79931a6bdd3078a07828facc0235ae21e912
mxadol_HVQXPjMaT7,98e3f3a4b30c5577c801ee64e2647fbbf729486c6b8bb65f25a1350e3638accb
mxadol_hWHuq4cW5j,bf61766d5892be2c43634ba00b99c19ac0d0c32d46b43ae33723fd5a541d2bda
mxadol_i5fzOfqr19,e926caa715530c3ef983dd99ae2b0e20269206b432500d1189ce0cd687facd91
mxadol_IAPgo0WUyG,9b12f2cc38b315e647253964a502752ade7bf47bb89d7dfa26690627827fa4cb
mxadol_IdrLGbW9mz,e9f548f34f424ff61986c6a1eca69b05747eb829b959b70a4c7eea1c35f9082f
mxadol_IiCqIt9DKC,0658940017b068bc8b003a06aeccccde366f0d1a0b6c74e80bf05a2ef65981b5
mxadol_jaZOFTkC7T,180d9d2ae4d4e4d63d6c0c6d1eebd1dec27afe7042bb9114846c9e26a8e84f94
mxadol_JjwLEXQxBH,5887b959d65b4d6459bedcd984ad963b9513da4118dc918dd2bbb4e76ddb95dc
mxadol_K2ro6qxagb,232ee6b25c4c336d6dcb271b09ad51366010722f5231762549dfd8c89d249655
mxadol_KHLfAN6zgU,da7c649a871ca26c07b0b08d71203d10d5e61d5ecf717d969e8605fba176b352
mxadol_kMcPfkUKPj,caed47ec77345c99b334845487701c5d39aaaac2aae6e3fe2a459082d33c17fc
mxadol_ks1ObkNKV8,f088599c98ba73bd981133f2bd5ee9eee220ecb4870c29ed3055bcd1f3f3e038
mxadol_KUut6HFnm1,cd3d2a9b0c53f30ba9c2333ca8f97a1ba14de1f35cefaebce1c818a10389944e
mxadol_L7qTfahE7v,17f9590058521073cedfe75462c66989913018347da610d8572e0fee1b203e15
mxadol_lfdGVM6oNB,ea37130bb3e8e1dd15b7cb44e2473c957e8e525c68571f0a6f8e5ad8fad229d0
mxadol_lFllu0Uiyh,0485a970f5a8f2b1e83cf976638d172fade4177edc0a4888ed8baf1a7089c085
mxadol_LOLkGTqNQr,9705f3166e6ee5c9bd1b3e69bce64183b7f94fffabdd328c706ed30a4be0de35
mxadol_LpPpbKTvEW,5d209669ce17d0bc6d1ab5605721561068948910c665bf9f2827183857d085e5
mxadol_lQBMYPTCCk,372873456239a7cb59c4f6aacbd29de5cbc36c9ed973acd36b557f21ba53493d
mxadol_Lvl7orMOWr,9e5f87f1f33054343bf957e5410997fc46a99253b37cc7089b4b32d934918cb5
mxadol_lYamqGYZWQ,ed3b5674d2f758ba758464a57bcbe0f78251678c4e3873f9525b2f9c7a52cf5f
mxadol_m3al4ITpcG,dffbf1eaeee36b31d51d3f696228e86cefa76dcd236b20172d295a65c3beb737
mxadol_mCSC5XNI2K,561979d608da78eac1c42583fa7def3a190d388eb0809a2c63027f688787cb60
mxadol_MjhXhD5quc,9265b7c81c22fa56230de4a2d1348c7bd2577fa5c2d0ae2011f910d3d2402e20
mxadol_nASzgVRyTB,e8cbe337a03231ecec9cc51647d379c3e78e9d414f563af0bd050b51a9c8489a
mxadol_nGAIeQv1HC,046db2bd51c99e1f810fe78bb7342574d39942daf4c022056b276b2f92519f00
mxadol_nHVSmo48M8,6e211689db350965c93266e25711bc271e7acea9ccc91d3ffafcf6efab08f8e7
mxadol_nqi8l2kp8k,fffc01bf88d73da7414cb09bfc4e23613d7d58a9d976a58d1074b3ec17ce1174
mxadol_ntx6VVnO7c,6d954b2eb6a352ad55d89d0f1148dae73683eecf4bfbc9637d1a4f9aaec4053a
mxadol_oA5yzlseuk,ce29b527117ff6293ca5c09635c7239bbd91a2249657d87ee98bee4b31a79699
mxadol_OC47yzHGcx,64e52eb3fa7b20c783d27a68f77069329be8df3179bbce83fd42d3253dbab824
mxadol_OO9SsPL6H5,89e503195c9a223109531ffcc288b3520a2e5732768435e0991626683bfc0c64
mxadol_OP9IfajaOp,5ecab76a0609da42f99d9f2c5170bb30cf63b5b1ccae9fed3378095d5860c845
mxadol_PI10O08Zke,89fe38b1b2be1a1dc3616b28dcf4ed830ed47e18c173723f3da41c03883a664c
mxadol_PtWhmudbMy,f76798dbdb8904a6840dbcf0eb972166c6218db2b890e135b6c984a300bdad70
mxadol_qdjjPkOsYq,3363fa6df6f98782c7680c3aa7f4524815f915d3feffee23c468c5cbc94df915
mxadol_QmHXL22ULi,d549e595514d6108e2407f4dc7e314f34ac8067e48b49c5ca8e0bd7410fa9861
mxadol_QoqUWdEvbf,e7d7f2e1822c608754cc9503af28525296fb67288f1e1dcd0b919157c002b943
mxadol_QX8YnKUYTg,bfeaeddceba3f81e07c59a86272aaba4d6cbbd1b7765e18e32e8ef6bce748ff7
mxadol_R6c49Nxuvl,bf87ff53d1761193e8ae4c70ce1cbf1f7b88d205b7a06a8249a50e6dcf55bf7a
mxadol_relJBDIWk5,d9df4ff45636ca68b3d23a38414b3dec8f2217714c30d43cb94db7fc8d28a343
mxadol_RhNLKhwUHu,db5faba55f15d083275a2acac63ed5522a85a5b64f6103512d9175df8b558f01
mxadol_s3SblDfsWa,70b4095eafe69823133cf32409a7b68398ef1f412c5d20e3a0bf7c403fb1d038
mxadol_s7mYZPnlyh,d136b1ab6e9302605148e7709fe702b37aa161118c61ea65ce780aded081af47
mxadol_sa4PyQBNEa,0698634d8ffaab0303e8d173633ab233f83366716845fe9d38b548e9ea47c1ce
mxadol_ScARkhOw8G,b90a808a79e30a64bbd7ed637f67b9edaee36f08942612323e57e193934adb07
mxadol_sEhxhlCIo8,f1a1bc07a5681232df5b5022c04f4589f3ecb46d3918c88ea0f84d1abd6c7019
mxadol_ti4ViuQKC6,2e65f1557cfb8c2def8b091d80eba547236d24eceec8b0bf63913a8ba8cabb2b
mxadol_TQG0AmCwrq,1639e6c4bbaf30eb21442334486a5c4bcee8614816e8522f8a3329a9a995cc0b
mxadol_Tsmew4FSuE,2a47b42d2c4190122ed42be5c847322308a72f7bdd7b57d3ced37a405a786676
mxadol_uN9fS3l8XB,514b7a75aa202bf3009e9c6d131a120b5dcf6c7fd7c6828cef6a40a42d3b6ad6
mxadol_v0jkMWR4nQ,b594b4eab59a5709ee87f7421507fb308ea54f3fc2ca7f2d2075a014501312c8
mxadol_V6jhtw0Vsm,26e53fa9c01eac3bed4f489da80131b92ab2f50ad013ffa2ea9d021269f144e7
mxadol_VHptMYYWAM,5a45dd751dde3abde797290c847306766fac08eb25b2182c59ab6240460c3f2b
mxadol_VKfmWYh2rd,f3277d0d5bbc21fa7929979aff1a726203039cb51eb5029646fc3d6642655b5f
mxadol_VnJEtQhSTE,fb1f3d70936e415272fe10d3f5efdbf8e6efcc4d04586d635a7803764a4b4503
mxadol_VXHWxfZ1YO,6739a8a7c1bf4146c73c06095ada095eec0b331783460138588b90af94d13c8e
mxadol_vZnjdaXGJ9,dd1caaf3c5ef3a5ae6fe3274dc349917bb63043d037e7ff39d679e61b125ef47
mxadol_wBWlsd1j7z,02ce780346bda9307481f074be053baf5e1975450eac4304dbc1c3f370fd7b51
mxadol_wk9YTyY3xL,e08098401f29f5af0b5d1992d70b1606edb23ed1ba5dad42a68fb9091bc9d2eb
mxadol_wzum1SbEnf,5627593314beb6a4376f2b9eb97c9ad3ae5d50260d6c8c88236de3f5bc8daeca
mxadol_xD9jvisI6e,1cba6ff88619d1f5cf2df08722631cfd8c11a14761a9f5e2a6ac6106aa72b641
mxadol_xDcgfQde0G,c8ebea9955f1452a6a8005d20babdbae0db4a462e536935247cb6d63e752da2e
mxadol_xikWdoxkcB,78dce1b6af527a963d05554c76094fa16f1f765b05bd6d8a0cc6756b0730b2de
mxadol_xJ3BbwIHMy,108a57cc5c320156d913ac10009e244e239a3cfdc7ed87a49a8d68ef633f52f8
mxadol_xOblaIphkh,3f6c8dde6459970b0c7fc23e241d2a287458441dfc07589ae3f9e2a658883a86
mxadol_XPhnnlbfAN,9e35e23aad918f204ec8b5e5f4f47009c100330ca7576c7ca385c5886afc71dd
mxadol_XvDxPW9ZPG,93e491071a269330fb7b598aa1303a513aa0c84e7a34ea98c8095d7261f48c11
mxadol_y0iD10hpal,0733c1016804d464d283233e2b9b26dbaff8c00293ca01bd5b5187be761c1292
mxadol_yqE3xKjdBa,954d073baad44aeb5f7393b23fc8e665f840fa537a42af0adae8a7c4f4090f09
mxadol_YQWu8mnVhU,6433a92de146337d02381880f6a5ce445cffcf7cdee580a1a9289365353e834e
mxadol_YtqGRtsPqX,925087537d3a55c87384a11c10abd7515cb31a0b468b9290fed301e9cb2ab539
mxadol_YUGeVuzQqN,dd1caaf3c5ef3a5ae6fe3274dc349917bb63043d037e7ff39d679e61b125ef47
mxadol_z4hfwtO1ly,11a36acfce0e4fbf7cbc0a793eeb12beb1c33dd7773dd0bd6a59e4f62f41e99a
mxadol_zE5Cm1C8Po,14ab884886899e0fa3c5e6f5336b55fbc41a9ceed01f108cf8b4bbe4dda9af3c
mxadol_zkHrgvo6Zh,9f73d2bfac4d082b800cfe5f15b8c6c87a717b5289a17a6dccaff72714abd973
mxadol_zqkjMHEzya,3e9bccd4acabd0e89e948349e1e22910cef45879a1af31e98c4cb13b2aa8cc2e
mxrest_0ae7zxWiYI,1b06f9719c31416cc584886b289f87bc93b3d77d4846f3449c3de0a9d52a961a
mxrest_0BNjK7gNE3,16fc5f66ad6884cac6adb1a92fc49931ebfbcd2e491be4fef83cc57624ef248e
mxrest_0dc72a1cH9,a32e2c179a69b2676ae49ecdec33eeb486bb6db542d0ce0ee1a6a3b0ad835148
mxrest_0dSz8wJAxI,6ec429b0d497031109cee84d8e4f839816f41af5cd56e5418221ee31c286bec1
mxrest_0dzvEPUA73,59b91219bc24f2d6276363f27df48079e75d0be2db64957ae9de856af1e74bf3
mxrest_0FiEnIZoAm,cba8e39543f0b21fa9ae05cb6450b4f52877f85fa686c6e24a838116c659e92f
mxrest_0G0IQNZuQp,0ce20f62834a2274fa2933d0d8eca89f08e203625589ab1ebb433dbadaafb9c2
mxrest_0GJKaG6Aor,9386fdae0433399bc1c73e1c6f7b7ceb9a88c9624441dbe3df15d6cd42646b22
mxrest_0izh0B5Kly,ce63a982883201071940b982aa479ca25214abc7521aa9fc6ab4adef6e08e88f
mxrest_0j7Mx4zLYu,c64098cebed4eaab74329831d2350327c8994563613efe591f9cdb994d515a1f
mxrest_0kofdDsEHJ,d314dd6c90b2e028e9afcf498bf18e9142f298a1190d05deebf3ea424509623d
mxrest_0l0URGmSY4,5e806f52f50c5b8f6dad95d817bf721a0773a6b44c5f6874546cd90f3b1777ea
mxrest_0LKwWDlpd1,44c679595d9cb95b7e33ade75fec6de7290bd9711b1e8cdaf023899fe9106ce4
mxrest_0MTK209gsr,55bfca428566c3fe6351b2a5233150bf9a1e85dadbc2ed9fafcba5b6a6a908f3
mxrest_0MZIz9JUOO,651819b310c7fe416eedee46327ed74e0eef70b4b3abed1922c74898592684c9
mxrest_0OIUIOInim,2e68d068cb8ac56cfbdf0883a0899342a8c60bd62b1eeaba06c589c1a635f651
mxrest_0oRGtOZbvb,cfbe34f3830b1ceff3a5f2fa1e531ec5c054dfe4cc8371a27f4093fe6935d657
mxrest_0ovCak86Kl,9bba25af358008f9dd2505f2c0a4a0f799fb5817b0d924840d9da99b8d991020
mxrest_0pAtwUeV4A,de37541ca57ac17f098d35ad36344eac98210b9084a04fdd0e526671cc1a6d3d
mxrest_0RmhLDsevc,9933ecc0c4320e43467522a310f26a155cc782f3e6a71cc48c2b425bcd2b6b6b
mxrest_0Satw7pO7x,91d00c5eca93d182a2670006c616468fa58677fa41335c2e7afbef1d40d61ca9
mxrest_0tcklEoDt6,ea3eecb35d39ddcf35ee2728c373a2bffb29c8365d41bf179dbbff592885b478
mxrest_0UKWZ2sO5I,9d6eae9e5c8f2739b57962d6ef199779b6c56936695c9250019fda8f4aa855db
mxrest_0VDqDpzXHl,2ed724cfb793dcdf3ee233a9f8ff11ea3635bde9692ff41ef0c1df6d81aa607b
mxrest_0WDiHPqbW8,6636683e889a83f97a7291c1d654bb8bdcee60ef0fb39425fbb0a89daea302fd
mxrest_0wZpY1UqiE,8efac98cf9d4810cd2cc8e2f8e66dbbe680b364c8497ccc3c755ec9308647a43
mxrest_0XLlnaHgNx,3dea7eaa580dfd1b762915a8f60523cae050aa925a8479a32e1cecb562cda986
mxrest_0xpUUYREVz,1bb2c262e6e9e45ac32f9442814f20bffd2804d80947c4b7b78a63f97c7b7b73
mxrest_0YbzGQVTfb,21adb216cafb9f0ffbc1f5c153e00143d6d8f0b9c07e026474e7ea996b662da1
mxrest_0YdQJCexAZ,12a8dc7f3aa15c300dd6c2d5a4f7844a0919f77605d1c8bb04e442aba980ac40
mxrest_0yf25REGgv,82e628513c3fabf35c68de633feb72a1fb422941e80b3e41a8ff9b35c86f66ba
mxrest_00tjOB8UsY,9bf96d16a39484e8a5062368477749b591b4666f7c2b54d785e174310d460a15
mxrest_008pzsxc9Q,88f47a9d2cf39003d7ba173922ae3c857567daad37f77a897c809033a888ea93
mxrest_03trTyLSzd,ff09009c7c82b18845c591a7c6ba535805a39e69c7a7f01cbf1fd6f97b6e789a
mxrest_09gKcAImxB,6da00f69596af98d379bcc52be0f7a0bc72ee90c65fa812ea600a04975e454b7
mxrest_09Ij8fKaTo,257a7e05ec2efb5e2b73a4fdaeac622d204bdaa0d6ea79f73b5175027f3f7ac0
mxrest_1auktn63ux,bdec8cccd691e251869f1cbab3d4d6eec6997cdcd7fbab199e6dede07ec41460
mxrest_1ClDvZlWFg,24ea91e115054254828126f8348a6b8102a5f0aa8977f4555f0a933c8f1fd4f6
mxrest_1cw7eoSkEt,6d7e08e480da741409925782bef5a40a2eeff4cd8be2486ce998485df1e48039
mxrest_1DuFk9pESp,209f1221b7e01d394fd70177818da1c468329dc67a5be66803026d0951ee9587
mxrest_1GcckfaFwb,849244c9c47be5ff57f3296a40054b77c99a74ada77eb6618f46bbf40e150afe
mxrest_1gkthlr6EX,388855429da42b8a3e96e1cdb0c4fb45f636a3fc2e1021c64026ba4667ef9bfe
mxrest_1Gz7QMksCc,c70ae19c0bfea438cedec19b5f81db1730609806dab3ae585bc43bbbc68c689b
mxrest_1iMTzmV52a,c502173539993859c2aab0bc84b7b67a790ef57979c99e211f629d3564f74834
mxrest_1mVBRWgsV1,bb9e33a91ce901f8c0bf9d33b042efa28abfce950cecd7da150e6079b9f2f971
mxrest_1MzyrRGfvm,82b5f2d387623bf952703f10b568e187a7a47d66b7ecadccaf20a60a05b2a758
mxrest_1N3YwtEVb8,9e435dc40e57416260d1e19cf4f8c56da88e8ea6a27890069449ad567340ac5d
mxrest_1OaNKFiguy,5ca82dfaa78aebb5297e16c2304bebe4e0e7f5e042d86e04cab482bee140a609
mxrest_1qBdkYk6AM,18831cc69fd2d23b3afdcda2e8c1a7e754f6c46005c186a5dc17b588366cf650
mxrest_1R4U2nJJaE,b596b935f8e42d41a705c378b3964dfa92f6a8490d16406966bd0948ea38e8f2
mxrest_1sMAl22t1o,4aeced2ec3b5943c7e8303cf4efe1bdb52e2375232994784fc6d14e7d6984515
mxrest_1uhQfpIWkd,ae7f62626af9db15de454041b20433da8a4067e48e73c5f828d16ad302cb53be
mxrest_1uo7F9VKoT,9893a92310c3b23acee9451011d738b863d67dec6e914293b6d0fa71d5e1bdf7
mxrest_1vT4JIU6zs,348a4b9186171ec860c56a7d93c8349c6a7738ceffd5be6376f773530d8b18a7
mxrest_1VWUjwczv1,1abc485ec0152e925cd67ee63dc8e7711b907c4537fbfb014963d1c966361c0e
mxrest_1XfCwy0hxA,441d8d4d54ea29cd779ee8aac0376e568480ce9930dd28dc115fc39cb5198e34
mxrest_1yg3A9mGN1,5ee7ce6205dc7936678bb93dad14ad5a0127a87820785e758346aa48a904eb7a
mxrest_1zT7ZQXa9R,7e6a3942c4faab95e37ddb812fc67af0759b74e51ef37a4e5e67fe1bac8e8fcf
mxrest_2A57eU2gCb,cd1cb8703eeb30af1c1c1f0c7c3a5ca1f291b73da012ab5735de7bd5cac3b620
mxrest_2AF0nSuhy8,c6de34e81f92190c2535205c3c5b198520d2ca6a7969d1348d65a91bb6c3a068
mxrest_2BI32fr4Kt,db54af372948ad13f06dc69f873955607e2810610c1063231c895a8f67b3619c
mxrest_2cBWKBi0TU,682f9c2265c1a7d1a40700e9df9fd1c325880103f9d17ef48a5c4b6dc653ae1b
mxrest_2cM4PtMDhF,ade154f134d253e42f0a33e6ebda7ac816b9efc10a16d7e18c5e83002b79caeb
mxrest_2DEGhIqmKM,9326732fa3b76b3eb1a50939ad3de19e18c7d3407fd88fb3bda9d0197b3ed513
mxrest_2Di8VEWncX,e9a1bf1a29ef50858387d7526a89c8be38f8d355112ac772bcb6c2bd7c660438
mxrest_2EN04ULARc,15d953623ab6eae7637bb7470a0c8cb891604a867f27391e653e6e6b52b57161
mxrest_2HALcsRCfn,aa6f9a128bd1d3242e355ddc4f29fc83ab7dda865cabe971e6b3e2011ffb3db9
mxrest_2IIqKVCY8Q,c8bccbdd6ddbd01be76f1698ec711dd473a54cf877af5bc13cd2020b6eeaeb07
mxrest_2jQPEE6Tkw,90abe77ed853517fd432a06cfd8dec7c12e277ebf208679efc08a4f4ae220d95
mxrest_2jXL1irJgr,280e9653e5715e14261c7b659f8b3a7dfb47f93b0b3a2adc3d1e46335e140524
mxrest_2ka2klkYB5,ab14ba2e9fc2fc2799a2090eb9a525fbfdb31b95f5fddf553c13c446f3da55c8
mxrest_2kESAIsUI8,3a876070cb6a47b5cf7d588fee812ca429375322a4be4237a60df51b868064f3
mxrest_2LOwLI9aLy,8576f50dee6eb123c3176ab37fdedb839e72377128b63594077a2a23bcc8f0c3
mxrest_2mvPdixjYr,ed9496ad90d06d6b8daf5c84d2a6db8060e22040ce5fa5e04807c880aae38556
mxrest_2OdQPuqoNU,d5ab05a3a669860133530e9a88cdad5c27777394ce790d602e84573539313d95
mxrest_2ozc9lAilR,024ce11b550ab1fb7e14b9fe5b6a7cd83e8fbdd6c0e2580c6d7f3a2854e3f609
mxrest_2pXuSBdGkF,a51b47416decc7ca9063b299e6a3721a33c685cf804e6b1845f6fee773bc342b
mxrest_2QJm28OmW4,6f8ba6e74e384e7f01746b0f882fd84f97db2702b3f18567978f27d8c19b3cab
mxrest_2rPesVkfay,0e01eac928261d379e88c6f8a64f40459a923d30174ed9d108d757cd0c647407
mxrest_2U8nZ8Sv96,a280bee172a2645dbf67b5bb65ea80e685bb8145319e6dfbf871a4332af1d707
mxrest_2vfanBABH0,4afdf7f441111fb6e3aabd75c7d4ea4ba45c98a338ef57cf110e58a67984088d
mxrest_2VyYeqZETq,bcff7c74e8d8fc4179cab658b23d60afc683b048022099f2afb66ceeaad2d255
mxrest_2W8v9RzQ2q,0097914801a14edc62d9f71351c595bf7cd017698aba7a599144af02b5d4b116
mxrest_2wTYn2ToXY,203973b3169130f68f497561a5dabf4d9ea7303bb0268f268784e26c9b89e0b7
mxrest_2yfJYTfuML,2d3661e3ddd803da0f67be871cf65419c896973e5ea589607ca1a354f452027e
mxrest_2zyh5hUrWX,b2a102c633cfab8f6b025b341ddfe86112366e40328eb4f4fb19bfe03dbcf254
mxrest_3ADRyq4XIB,c627347e52b8dbfcbc3fdbd9d0176ad83e4f7e05df93f6b5c311099b2494c9dd
mxrest_3AVBbELDNc,a2e40243884edcbcf20094542cda02d55a72e3aa8f6372911de70a400735674f
mxrest_3B2amcbXDL,2268ecb95b18af63a3f0a6b5eb4eacbc13a63d6fe7bb69b98f742aa91a8b9400
mxrest_3BDe3HvCYN,8447628e5297dc3b975f2b69eeae725d847f1a1db90903ebb33060730d6a4842
mxrest_3BZcRKGuIs,bd4dfa7f9c8c665c6b96f3b8d2de62284a641682e1450f25ba36acbb0b663b3a
mxrest_3CGhQAk6T1,838f09adaeeefa81d33411862937f9cfaea0fd0cc6e2e6bdad750f12d5ad69e2
mxrest_3CsnL6TBYc,28d31a605badd33d4e7b1e2a518443cb42c7215f3bebadeb88e2acbc13d4e484
mxrest_3FnAqltVkw,cecbafa3935c86ef0dd512ed1cb1e8f3fd87598535ee3a4fd933a4cf4f33bdeb
mxrest_3HMUhiunjw,0e50a86619adead1d89b9cb8545f180f2cc1384afe66158f9c301d52b36b438f
mxrest_3Ib5FmkuRL,c85e9bbf3e21cc1394d3434913aec6bd78a346e8d7e70077fa2490ed426df9d4
mxrest_3KZGE0wkRi,cdd810d8285968f0269e3de35d9ec71badc17f9e6112673eb7aa659bcc74309f
mxrest_3lWZvDrUNX,92092514d52d9e58a369229580728c73bebe17dedb33a6d768be80c26c51fdef
mxrest_3MSvfSyCR2,e3ef21df2799fb8a5c0dcc1b86e250860b6034ac99af89301020010360f28305
mxrest_3nZO8ppgMA,c81ff4b0436218c068dbd811036e4ec6e6b2bd1f31434f209a657ba0d2e5b2aa
mxrest_3o88ZkXaw6,2d178e82aec26b42d9f00cee3c1afc4612aa36a470f7767054b7450771de8f45
mxrest_3OLm2MPUSo,ada1e4eda62ce34d7b5bce290bbf7554d9cf9d6a5ec97e8d0a15de56214197cd
mxrest_3qLUxvhUoC,82ab02857d961326327ed7698723274b59bfb29e734e2c323f79177f4b65d966
mxrest_3v8So7eo6o,3d4d1e9421a7da6e4d3ced939a4106e4fb6a5e03b99db6a8c46d3471f12eb50a
mxrest_3VC1J73dlr,4a2783e0ce60136ddcfce271158e5c6e4e84952df3138d2ccc8c37f45060c2cb
mxrest_3vezXTGoiO,9ea62ae5b78d44d516307582c360fc4aae4de447d43e2a712c68e8ed18d29fd8
mxrest_3w1ypQGvEa,a8103547321272fbca5fa8a76a73af438c19d4d30f6d0bbe8812944ff6819b7a
mxrest_3yko7QCmQJ,294808b586302907087e89a38fb8121dddd6700fe7da59543e673a844f318adf
mxrest_3YXguiFsxS,3fafb805ff35625b9e3f65f9d2102b71d7a23df64e9b1af5f973743f61f91dc3
mxrest_3ZnIO7bMZK,a56331b2eab302820e2717b762f57f18e4b99eccae8d75673e4456b123be8061
mxrest_3zsQyrPLiU,ff0f2b9fa1bfd8ad8d0624b34544965a56d7f55ee521ad6e4b7ef2705084ef80
mxrest_3zV5rxJ2Pf,1e6dd4e14c13e03ec0446f4dee821f9351ad0c631ca836387491e7f68a77af9c
mxrest_3ZyBiCB7Hs,598b3496814845e81a44c2dfc5b00e84676939b823f41b26ec9de8481dc1ab69
mxrest_4AqIyYcTCY,a491be383ff2aee9e6c29850b41e48956b3b7091aea42e98b3ceee2387d4aa33
mxrest_4Az1i2plOW,50a4438b74691593f4cb6320cc3aadd6ebd3b7a271892bb2062dbe286090b0ae
mxrest_4dh2dlKzCN,6f4d75c52813bcdc819a590c813d9e89c9f6f813051280ee4e9f70d3b4c59fb4
mxrest_4DnxuJF9tU,48034658600b44bb5ae9cced287275d0226a3893b9ed227a2dd2b8c06b814e76
mxrest_4fusgsSi2G,b0c502ba2d4b5724e492bc90d56d5eb86f776c1c6619dc7e6557a65787051706
mxrest_4FyCHVRCsP,9ae240005e9e20f231ebd91a81eb4a989b0ff104c1f2b4f3e3e5a511c0004a35
mxrest_4hBWFyHy8f,85ad7974ac4609a5e6be0f0bb3264a4c6500a5235195ba024c5cd9e049b00124
mxrest_4HtiGGOsLB,d4a746bf542b931242732323b2e0e2c1b439b23c0794bbc7c14608af366e3c47
mxrest_4jjv1kJv1A,db0f1c21e51b1f2576c6e82e18535388e8d1a516b6b7deb2fb6feb151de3931c
mxrest_4kuSm4FNAp,9c50b6d6237068f1c0b16fabe40bf93a065db339ff37d1c457aca2b1984f2274
mxrest_4lqbDM9icH,67b4a14e1bd198f66ad4b0e797a45222292865c9c0a5dbe75dcbcb0c1c055b56
mxrest_4nacvlFSCs,42a8f5bed51e419088fb105ea3100fbe26a4d8ce56b49965394abec3e1ea2873
mxrest_4on5XcTdxf,458ae53633055ca664e3ec9ebb88cf58f225aaee1460a35493af56d4eaec7f61
mxrest_4p2CqbRMgz,24bc244349b62185265cd119ad46ae75fd24354c14ba4476abedff919c1b329d
mxrest_4pvG6ph92P,3ce6f4f789ba5c70e6bd510390eec83c1b9a9f0bf8fd421b2a8f8f7bb9bd0206
mxrest_4rWHKvmeVt,04798ad681e4f4ee70b512faa72ae6b994da621a970bd5bfbdef1bb223d90a6c
mxrest_4SAnu2zPUT,06c09fea4de0fd8c054bb4da7c43ff7980126e72f15989bddc680a94a09ed56c
mxrest_4T9G5a3Gps,debbfb0271b893373d237fe77801073f41d2286659f4c60a763870f88d686065
mxrest_4WGiojybwm,ae169e5cc20c04cb6b12cbab77aa1226fab0b651f09e64675d080e795543d74d
mxrest_4WwX72np9T,635f0cfc5a9acba7f3607e003a17ef947c53efd53c6b66302489e90f199dd3c1
mxrest_4xcgwR8TzJ,2e4cc3892521eee34d2417de3515f535e563939fd74ac0352c470fd09bd7167e
mxrest_4YStZI2gb9,ad0b7d9084faa40d2e0af277fb9bcbc80df578589630603083bd4c2ecc7d0950
mxrest_4ZAa3VbTDy,75bf5b75b7527904d1fd01cd69f87c1372ae30e55a66ef3272e35c072021ee27
mxrest_4ZuKU8Z9oH,5a2cfaf92aa4fd0b3ced62b91a9a68c1ace0ee6cee954d8c1cc9a5288a2d5348
mxrest_5BfP4Jh2sg,a30fac631997bb31088f56b85e7a127ed79533849998746919fa609620a38d73
mxrest_5bnPrdMz4y,7e6fc178bf3a59c2024d58352a84e8448b187dc5b47e9753d32538658286395d
mxrest_5BpF7MOZfC,3a18abf5e70affdff64f58b7cf69faa7f3527e929a577d47480c661ffc5d0be5
mxrest_5CX8E0SmmM,356da781a2af84cc8cb846f36794bf9d9ae89408027f4200c29b6fbe688ecad2
mxrest_5gfzSt1GVL,1bd1f45d3f3257bfb2ca325e8e96b7ee5d460d181f3a6dd1b98288cc6f2a1918
mxrest_5GjovqJxr8,2e31178d5f1f843a631ad0e60a892f38ba69dd7744f1f48bb9c6db521a754dcd
mxrest_5gOMel0PeU,c9edbf76a800aa62d7f0d0ad176c69f6afd394d2542c772e8d42307af93d08f6
mxrest_5GYJABcOdP,c0d11747c91447f17fe88b2bee4c56e6c9ad41f14c0525b237b7d4d39a5fa5bf
mxrest_5h2pgQbunQ,0b42016e75e1a994861166bd1df53f8af904acb3fe135d6b5dfda246e6ef0717
mxrest_5J5SioYK2H,18302636c8bacfe5abab26023ce66181755f99025034489cbe2af9c451025b6c
mxrest_5kM7yWXXDx,3988241656a0dca1d6227fb1f2c444eea8e24090ec983db73b8314b68ce848cc
mxrest_5KpSyGlcil,49e15b052a8173c10f4fd4d1fe6482495081e66e15434468b8b5e76c7e14d564
mxrest_5kTLiPcBot,35e00cb3fdb672dc35c3296a68328454778eb9d331bb487af02eeab720940aed
mxrest_5kuYqx7WCE,b39da9826530cf990e305da1a2a52a1ccda42dcf896f0f61a034c4551ecc077f
mxrest_5ldmQDPthO,8d95ede07f67882d3e72fd80a1dea2bbb02e6e5c5cbfb6486cbb01e519de7a05
mxrest_5oCT6Fak95,6101f5dbea9108aa08955cbe110acd73aa1c1cbb7fbe16bdc1025da2fc9e6aab
mxrest_5p8Cy329UB,9f4a32326abb7fdd4b3e17814373df22bdd22a40508bd2fd9a7a98387c22b130
mxrest_5Pciln4lJK,1d1bcc415659f54ca4d8e627caa9300998ef20c22ca47b188d1b3ac4c12183c5
mxrest_5ql9GMnFxd,c770d72b5d1f3b6c9ce3f9880f2dd8dd8fa7cf0bbb6db9c9e5734900412df566
mxrest_5QRE5UbNDe,cc7f114836075a25570b6acc255f65e26f1509041e61471837cc31431e28cebb
mxrest_5REvMq1HtR,04fd870e29b18eec70f3318a988dd3823ca28f07222d697fdad3c8d625af48d0
mxrest_5rjRrRE5u9,efc32b4bd9d7477ecc146dc92b4b1579b3e02590b3c6700c1ae4461db174729e
mxrest_5tmyHj5V57,41b22356003489d93fda730074ed4c33b8d5f5d57c2cfa1fd339d9f0a9e7d3c4
mxrest_5VRLAdtIHn,5b09771100cd6bb88d523afb8741e64dc6d104daf5b9af2d699d1b447066a24b
mxrest_5ZSoNtBAFB,194b34497a1cc580f6cedfe26d5ff3217b1096b1654110b3820fa7699bf109f9
mxrest_6d5Yjckz0T,d8e098973904a5817a303bac13c3dbf78e03b293ae866c621d586354a0b10e5d
mxrest_6DLFd9blUB,9c827c3a6e0913fc256f76d1c62927708ba643da8a70bec6c40cdd10f3df9f29
mxrest_6dLk0V3ARJ,704eb398da032d39be8d1d5299928f7ee708e1f5439f07a55ae774e8e0c8cfa7
mxrest_6F6T7xVaog,c8bee3e4ac252a3c3a08d00c379c43ca1c072d8b8adb1509d90aa3f1faad421b
mxrest_6g7851JgSI,5380e5b28cd8c185f2c6e5c61f1cca29911e89f32641032c5c870b4ce68de87a
mxrest_6hIsDYJVml,5b81755ce472a7d27bf1d6c2d9820fe9eff9595b2ab9243dde168419b567fd00
mxrest_6l3fOKvgn9,66dd1c10e0a7a798613f663fb8d65a920b3c6aee47b1edfa2fa8c1131793be0a
mxrest_6N3mumPxnv,a542f6a2a2e435ea1f9a54521faa59987e98a67cb05d883f853cdc5fa7249b86
mxrest_6oI0LohCB6,858f423fcce03dd43b76ee17eef05ff942ebe60399b7a212102e3ba38956b36d
mxrest_6oQvnJOYYi,07c96e6eb10d6480fcb4c474ad31cdeac32923d82b1c255439fed33c61546d51
mxrest_6qRla4u2Y6,f8c219dd103cf116e2437334c6b490ca31112946d6d696c2af471015976aaae2
mxrest_6RFnfJAx9X,7fb32c708d471783c132ab0ba8218b7d03bdd0662878a1aa13bc5a827c66217d
mxrest_6RftbjLzNa,e9854451e7c9ed063e7fe3fa5f92b0371425f49d902c69fcffa32b3a3dc2d25a
mxrest_6rGROnelgS,0707d708e12e527cf810be4473b38cfbb2ed3e4acc3735a83311785b72e430c9
mxrest_6vdxbo0Ey5,50d1707a1bff19046d468b5244eab7795e571a9d8a37c81859e92851d4a5df00
mxrest_6wbb0UE6d7,d959de9aa3891c9326d31ffb9aab0d6f11e3b67ff01a151b06d9f06c03d1c5d3
mxrest_6wpTeLUp3H,9cd9ac3f9d8c40853e97752358cf032d3b00dcc819da14fe40b441952b255a6a
mxrest_6X0rHsmObb,4287873b3323f595d6ef1406488a20b7499bf7e613d05d77ff8200638f2aabae
mxrest_6X4gdXZXsR,837264a8eb7d1466fb2cbdf0eeaea42dd2a0e810b462ab8d865e9b9f85b72678
mxrest_6xlFzCcpSr,817472f5b7c07ca414ee7ec46d6b96aa05882f233bfa3e7537267e766abbbde7
mxrest_6XYszpsPEv,5353e238f0dc3a318b084f810a10841f4909c32ecfb689d4e305b827a5442757
mxrest_6zKYhfOnmB,6041d4324c5d23f2d2e7b541661a9d7af87f03ff3b2785de4d238b3b1e182d9d
mxrest_7adnEx6g5M,ae2f20f781f9470eb4afaa948548703cc382830fe63c0761c3e85f44093fd5b6
mxrest_7aORbvMupj,1c7d53b6b30a6499683902e5dad10b95c1848a5d1228ef4085a5378eea6bcae7
mxrest_7BBNrC6LMW,9c8b5a1b2e2bc9f908d015a9c2ca7789b9c7160f7642042ae02717be4428141c
mxrest_7E0SUMYRcy,9de1994feac21bcaa2e6fc30b1e8fa550e23049cc59e96393bb9a836bb0a5a4f
mxrest_7eUeKwncMi,5bd91a951850c2bdacb3463436652093a57f1d1a2cc9876674585bfdf73a665b
mxrest_7Evwsl3oFL,c108fa76f30e4a2577b8064c08c1b34650fc49f89aba74e358f6ff515e554f2b
mxrest_7Eyh3PgAO9,b4fe1c89598df8032428a58ac6ff34a1e19280bc352599e696152005caea0070
mxrest_7fesrmWp0U,e830c6688a1da7da0173096088a1e43836e46d7f6562127f11f4f0045a4a64a3
mxrest_7i59x1xrcY,c06666f22326112643045caae801cbd8e5feee48beb0755d14deb7b193e705c5
mxrest_7k88ous8T2,17dbd8044c52e87e6f4ed84a34862bd67a93655d5fd20eca563a5a8b6202bd14
mxrest_7kUHjyhjzN,4c728f60bfd62dc352bbe2a8a6734386d6352ace72672d208b5cac8e5aff6aaa
mxrest_7LvqWvjkQw,ea4b7d9ecff8a880cbaf4f6c52225bcff555b3db721f6c6ebf6b0e47f837fe0f
mxrest_7mKStMqEl6,0363ef69af5e2e981a25c1851532f9abb9137e22fed83359b8413fbe523ab21f
mxrest_7MUbdM0R2p,784d33b6c1142de07aef7ff872c269b7740af26b7da767f081a564cacbf36e60
mxrest_7naQvsMyjO,87408ab0f2a35a296d7417585963545f619dcebff71dbc391028b07bfb1ac3bb
mxrest_7nHNAoHVfn,cff50ad682453a2660c95831a7de88428475e2ca2f71d1db63653adeb554c232
mxrest_7onV9ksRQ0,531c092a45ad94cdc24b79d42d5ca3d33882a0cb72962cb0d106200f275b0fdc
mxrest_7OT1ldXcoB,50fa232c76f5e84c73bd3b60a4933471d0a40d2d58f26c1d437241492d5e5ea9
mxrest_7OyBrQmfb0,201504efd2160672e2f471da617cef64cfb6b36a45f9a24e951e1aeb30e87a84
mxrest_7pK5DjnPo9,4190e4df976b308ef5fc0ee56f43194786090213c67273be3de0700f72cabecb
mxrest_7Q3BuqqHhe,4b7a7922a33986822ed25e62bce3b1e4661da5685b9ee99ed01e59252dd4166f
mxrest_7QrIv2od2b,cfe88af95f64d88bdc6fc6c876492f79139fc184f35b2aae210790494117918a
mxrest_7Qwz0bBlh4,62e559a4a86cefb4effa23a8c5cfde534bf30d12f26e94a287bd2effd628b198
mxrest_7RAiKYlMAC,d90968e4dae764f496a4bc008f57c803496c065f296639c720b50f12661dd016
mxrest_7rBYr8NDgt,0534468c392f7a609bf0b9d6327433dd301892dbdf44ebddedf40e6fd4fe1610
mxrest_7sKgn1UTS0,fb2a3671c16cbdd1d6b2c0ce24ad6353ff8e629b91363ecb26893577cc4be12a
mxrest_7UKNc1KZxI,7fb32c708d471783c132ab0ba8218b7d03bdd0662878a1aa13bc5a827c66217d
mxrest_7vl63skUbE,0e46c8853a601c374319cfe562292ffdc5606696c89fc1d205156d92c6086c52
mxrest_7XClklDDrv,c8dca731dbc622f045a05bb867fda69907073ba83858b3955ceab297ef2098c5
mxrest_7xmlFZDFAC,b416642d040d972f5173fffa6533d06e142f873e79c2783dd6138ce1cb6641c5
mxrest_7zFzC0AXXu,640310628c2dd74a5e65248b73e9bc3d4862d061c936c2d826cc80a9474d9561
mxrest_7ZuVD8Vlxv,22308918063ee628b3cf78a2c20ddf23a745e57d64d34e43f55f89898d2f39ae
mxrest_8AeXAVyWwz,b7afe1cac75f0d188a5b67fe10c43e3bb53e95cbbff1f7bcb03ecac293d6b994
mxrest_8ANrN1eKKU,9219b431c73e4d39307614494b12f6348f86cb99b5545f621f22cbb2260b0be7
mxrest_8Ax314EcLW,c43737eb41d8e2e8eeb7f2e8854f6e0d237168eb6e7afd06c4f020bb639e6023
mxrest_8C9RQH3rqi,0a45c6fa5f856defc5d4184e3f8667107ce70218a05cd683d97b640f926b5863
mxrest_8cswfyyd4W,a452cc64f9503901cb81c1de38b1bbdcd9053c683dbf6ac632caabaf2aadb88c
mxrest_8dBBV1HM8Y,56bd7b0aa4171e184eb8eeb0df2466b28562091d5ed73d6e75bb66d839c69808
mxrest_8h1mAuNhiL,b2e3bdddfa67c9b874b04db715db4cdf63547b85044179521047703c080dc9fb
mxrest_8HdXELiV4X,b822f96adea20fdf9f0e51530c6465665a0321fde186a6a2137938ef8ff50521
mxrest_8iD2v6B6lB,3d6db90b3a33726f784a6b5ef5df643d32c2df49354de13a69d83f811adfc848
mxrest_8KXKmP91z9,d9cb1c14411ff4a4241cb7ae320811ebae23ff99f839eff9bb965141bd678fa0
mxrest_8l2qRtkwgn,7c6f61b3e68793a2d1ee44ea62a5af133c7a9e3c86b55ac3335a8a89b60a0d53
mxrest_8qpkBODXO6,f593784692b4d1eb13b091459568392bb0fea2a1f97dca671ffc2b72f38752c0
mxrest_8RdkCFJUTX,ffd792883c72690308d41957a6e61a7ca3e4ac1058ce71447fb03072c77182bc
mxrest_8RjnnKuPe8,09e51a4e00397c807524e776c3018f38b37a8d614e226268a28efdcd2b94c49a
mxrest_8ruViobyTT,6b6c90945df7bb25843bd0f082dbbd406b486a3f1ef914f0f2a1faa54efa3fb3
mxrest_8SqP2fGzzV,132ad952aadc001f134667c9fe6b605f1ebc68cac86fe2ae9f4725156192601f
mxrest_8SUXsgoZdH,0f05edb96c99a15a3b7c28f2fb20bf2d6a6b4bcd18033cf1d631d19f22a113ff
mxrest_8TDnCX1trf,da1a21e895d61f78393e8c9bd4aaed6cf8a84fc5fe18852b4622c337ebead0d9
mxrest_8uijYa8TrK,26a0a9117a335e31b5e403cda186cf632bc2d66cdc809aff332b868fbea252bd
mxrest_8vzO8rcjJH,de6f1e9fa5a24ea4a74b54f0f321f21f90d6b77c413265af7d57276f4ca2a501
mxrest_8xV9ynX0sa,ba9f5c185df5bc04ee9074c41e10d1196a27e926ddab0a2a72ea5ccfede1cad6
mxrest_8ZkJut3rkB,c761102f3a0c15344fadeef6c607a49282f8d7da797c1b56eb92ae4ee627a91e
mxrest_9Boy55HJ22,9b8692578d7e4fe72dc05ca7bd174d5aa0f987c3759dc269be7471d0f8b11cc4
mxrest_9bZWmBzcfM,820f0a97c964135e3a84e57971d495478fed060f96f751d2bbf3ab522297a008
mxrest_9c68N3ASW0,06973378e56271c474a74b0ab18030b8d234665b418e19ccfdc7a1231e85a868
mxrest_9CJqDOlpHA,6c01007489828dfad9094f8972e771637c309081d9b45aa45c8d393d65494d2d
mxrest_9dLQgGn6X7,cf873ad0bac85eb42b3077a02bbf4bf8581ca9ce20d7abcb4725796089988f10
mxrest_9dYEpjrTMs,9b812817347280d8a9a90f184fc9ff132c3b349ee331eda3d83ef52e1bdc7b5c
mxrest_9EtVODfYc1,6664df16a838b30193e7f988a9a5189571e7f49adefe7383a9e2020556146b33
mxrest_9F2zDJIyGY,c24b8f3191bea091db9a5fc454dbdd7df48e82fd56fab708274f89c8b4be68a5
mxrest_9FIIqP4Ehl,5c02497d75f98941784bb987eb083f0cae44b71e3be053d21f3867c367130b63
mxrest_9gsLaZaCqV,a8d31ab7f1f425bbd7ffca91b5bc76d0876f87b3d3d2a64d0c806df78d1d60b0
mxrest_9guQR6Ngpl,73a39ac8703ed6a0cdf5e8db43c7999d466a3c5a6b6598ce57d07195eea69c7d
mxrest_9gWPOUP8Pj,286fcfaf03c146c4e3a28e3ef57fb30cf96218a39ae6cc7d7ee90afab742932c
mxrest_9iYUhfWqv4,e6f90c178608813bdff9206f5cf0b975a26d22168d7c11acb850b2c21b13f1a5
mxrest_9N9IKiTs5j,72eb09154c7af787ac70fafad0878e151ec745d8cc22aac3ed259f0267201c32
mxrest_9oNCIbVisV,fa5dc747516a5b8c0d6452a577f87debb42d5091cba20966d3bba02df88acaac
mxrest_9oOMIKWePp,f5b5f47ebc8fbc5802f982c7db0a32e28d1a2ce2ec85e79d336c711c1a931e75
mxrest_9OTDZtwvhu,c67d47429079c7a87efc711e5ee0873f4dea4223f6684d48f45b789ec5863b47
mxrest_9pMo2aqexO,bdb9d3b8a5bfa8d904ca42fa5bcdc44074d17df0a83ce047ff17c282df982fb2
mxrest_9QF1VL1UQ5,9ee0fe9e5004a87c3897e04d458d5e2b802c8d3bbe18ecaee2e5f99b615e217b
mxrest_9qf9L3T0Cu,ac33ed373461a2c3a3f52c4c8c99b0a9c71d86660ab8b348d504ef6472fa2245
mxrest_9rdHw8C4X3,91c084528f5888dbda9e1ffe7962024b49d172c6f0f0231cc92ec51b6e9e97f8
mxrest_9RKCgGqAQB,ba223ea90f56d53832319d7e129fb9c102b14ef889b4bcdc21a1a9d9e27eeb44
mxrest_9SsqtHucKF,d8a0e307508913a49b8dc74fe568e088a5e66e2e0ba5909f7b06455cfc0ad642
mxrest_9Uwpy7MVX0,3f8dd23c5ceddf2a2114c4471429433647c70c90a5addbed423815a83a967d2a
mxrest_9uzsFjK4SV,3c5fcb31b40e5ac461b5c03e4e968c14f9149cf2c7401f8f25a36c6759e9ccaf
mxrest_9vcRKfRIBz,d85c94d3bf1238263c254b9b6ff36d02bf730087a3c091927b2000888b771bc4
mxrest_9wI30N8HLz,f74b3233dd916fa9574fb304ca798937d087755bedea21b5cab38309a9483a62
mxrest_9WKtmrwyB7,42e81d7227879380d34ca9e6e4c68ec1f10f249fc20cc5a8d9c8e5905afc23ff
mxrest_9x2Zrc0qIG,b4cf2de506581b5f8343d756259f6c9d8c19517a5d1829f9aa6b88d83723cb19
mxrest_9xDU1EqPBf,a48d3044a0bef63301d8072b662c22d2995510ec24f3092c30c1aca7c2bd71d5
mxrest_9Xgsz6XQ3S,510d920dcb2764b4184b504e7e1785158051aa409a04bfee71d8244d6d1d3d12
mxrest_9xVqJ2Zecn,308aefd37ecee5e593e6b87acdd71d93e3e1974ceec4be04c105979768e85fbd
mxrest_9YQntxdMcY,7a9c3eb8d49201d706f74c436449b117f82d173774fca0c8886d815c27d6f4ee
mxrest_14vpS6cfbM,90a15954e08ab8c9e66a6f3d394f7876a2411d4778a01acb4947ad77c07425a0
mxrest_15C0wtSWpJ,36ee5358c17dc404b8fc52eab6b5c2ec61b47c1e37dd3b7d5186513b86033e13
mxrest_15RWK0E6P7,11cd778fb85987820a1bd9909933ab7602bd8c8861f90b7959a66d46b7ec76a8
mxrest_17RObXvSR1,fa6f017cb012704fa3d0db06c99e570a04156563fa9db6d1ce6dc2dd008214d2
mxrest_18Fo7nBJYt,c21a4ea9535d7d36ad6b38d82310717013f3a48436cc9c56da9a156d3d626da1
mxrest_25czr20jBR,576030e8662a6a156e8b178159911556f1b0e21e6fa31484d3894d401db6c673
mxrest_28FnxcOUzp,d9c791c6a6fc7dec81c79a5ecc94b5349ed7a7613aa8e7ef039afff1863c1fa6
mxrest_28ybAzq2BS,2d8c394a45e4248489deb26fbbd39356f8f31dad050f364308cc347b6a98a0af
mxrest_31KC2p0E8C,05f6beb5e4f92e366efe17331deab79a5fbc827d38c1a66b14225ef98ff0069d
mxrest_32Z2hliznx,f05d58c1ae83c94549f4abf4fa7d0309a10899bbfe2d9a5e88d879e15b6e8cd8
mxrest_37anYtu26D,92e5f76c0dc1e6e156614252ee8d68ee505c254f9942a0baaa3f08f5815c05dc
mxrest_37LumbcmCV,e6a2c55e55f76526e5b194e30428693046659879d3c2d1904196791e10edbf3e
mxrest_39uYoW601f,e3155c3ac88556fd283179f1d9b795e84bbb7f1796e71c5b6a402b92ec4f19b5
mxrest_40bBcvarqD,bdfa0d18cb12d57e97702bbac7e1029ff62401767f169c8a09469eec7c1ca775
mxrest_41CtqxMe7W,f9b096168f043910486b69d9a8f5b8ac0d58eb5a5e177d5f08df3024d6fae992
mxrest_41JSnvqof8,b3f01b93334a1e365a771876667e14553cd5262a63140f4880315b9746180363
mxrest_43xfC2aAsl,0dfe16373105691a15ba4de5b49bbb64e26238d75a67658fd8d85f7912f42317
mxrest_43YmkHd3rX,9ee3237c82db9dd2285a4c1f9f154b23f9fd5f204fb2cc28008cc911f7adaf2d
mxrest_44uC6p19hT,24d4e7586d28bbb174bc7c6faba2f6020381d83640e18f970f6c48a273fa17c8
mxrest_47gKu0mzQF,2e3f565b81b1c8a085cd32c2e3475b5d32dc9bbf300822c29d3b6e16344ab6fb
mxrest_53slmlBMc8,555d92f9f5e79ac075f9e7f86d0c9c883cdcb8b71bd6cc9590512bab5be7699f
mxrest_54ItusaIGL,6fb27380f3f2fdf8d53938375300af863265b8c2066c7604ed5a57007e71b367
mxrest_56LryG7tEw,ce45c3164ff827c5e8264e1a4576a78b39941a015bb03c63c1c5b3bba45d3405
mxrest_57jdlk0YlC,81d9671edc25b9b4ecb233f38edaf2b37659c905e6e9f19139d865699dcc575e
mxrest_59fsLRqDaI,a9785fdb5f04a5c1e9612139212ea933b74170b0187dc10ba61a6fa2dde5a5ec
mxrest_61uST8jDRB,26c0fc12c1caa816a4408d37deda220ed25149e793c9505490cb4f31a8b1842c
mxrest_64EA1BxRFB,acf7275e9833c0216757735a7048d767e17d96ef1630ea8d75c90cc45d1be965
mxrest_64SU5AyTkS,ef3f925715654cc8b78db572d819e6e9c10d9c3d07b64b4c4f6584302cc4aaf5
mxrest_68V8vnVY1x,36a38360f56c800b39a645c136a98aaf3a82b49053aa6f31997fcb9941b7853d
mxrest_70jwh06uc8,3a4c10f6c89acbef92fff9c1ffbcbd910b8bda649e5a3574bffba76d21ba7fe1
mxrest_72BQujOs8Y,eb12b78c7c3211ff3b06d5ec2c2a171b1db23a0a6573db5a26b027c8832a478a
mxrest_72r5hKWj1T,ba94a1d3d60ea954b786c50544cf01dfa1a9e674b1268232749c58efa8672972
mxrest_76T9dlw71G,2791aec0d09aa831ffeff1197a3341b0bf77fd275059046e601f01442053bff7
mxrest_79KsRV8lBq,5e50221f38e58730f972f99e845002f769707cf482779ac8f946e5de99b8d9b2
mxrest_83lNIhyQUV,708b7ad5df9640f0e3fa6f5169ccd10dc905b17ff2fc87f2ebd09eac5470a408
mxrest_84ZIp1IkE1,4c04c561ab81c8fd833b194eb985e98cda2ae0157e3f16ff6fa0813d0642c3bd
mxrest_91L7rOzzEN,63ef42bdc894cefc6035d34d5c1642d6188bc016525c809b0d8b41dd19948dc1
mxrest_92CxMTQvgG,0b2b99a653920835e77891388af310f71818f55e133b844eac968372bc941aea
mxrest_92RuuuUKZp,2741ba7e4da57965149005d853090cf0359912c0b76a64126f8fa8043d9ed27e
mxrest_94KKiawyEZ,0fd49cf91026af0fb6a39926c9e314ea237b590f1da100142d5cf50026deeceb
mxrest_95e93LIKt1,f4e74428259b8d707036d92537724e1fef850dcd45edbb92a3dc97ebe7543fd8
mxrest_97bfTZFtfW,7d8007fe4bf705adb34c6013f26425e394dee2cfeaba9f912e34bd7e4166e2c4
mxrest_137LQ7r0JV,68e967b15c3a4b83eb2f93b7b4a39d53349fe6d75f7ce611ea15e5afe87fedc8
mxrest_186pkrYOx3,62e0ac3df68291366e8b4ca368c784c1eb00a45df84f878d90b63dff9429814b
mxrest_267sJa7AAN,3e8f1fe82dde8020c71348bcbc460f357614373fc43ad14646ef42935e4ade84
mxrest_320yHL6ogU,ddf40ded3a0794d3848b6784507b2b6ab32db6546d5e5e9684f0a623536d460a
mxrest_456DRVpeqf,66560682f806205b20eb1885be116e5cb36314bbf88bc5df154ce822cacb78de
mxrest_535RioZFtA,d62b1afaadd8b722bcb5634baef654810b567e80c8d5b8ca6c5f9981694b6b94
mxrest_901WSPgQXe,07715ac83ec320b87485df7fa44b3654f1f06d54df7902499d6f531c3bcce636
mxrest_7894TtiJxP,64e93d56eae52690ec9bab44765af4cf7e1c8aac78cbd3a7f9ae097def525357
mxrest_9327MmU0hH,f834680ba3fe1c936ddbf45c6e0f8e815363e0c0c0d88f775831c8862e8d850d
mxrest_a01EYcBtHi,77043340721792429c02b472e33c66978443955e3c3d67acd639157be04efd74
mxrest_a1aD0tOHHd,5cd24c532c317cc49da9d014623c86f8a671e7855d42597d8f077bbeb0de117c
mxrest_A2WfL7wNNP,a2bad67980b0d9e0faf2ba27a3eb9cac0cfed2f0af611c95c82eff8a0165f005
mxrest_A3K5NwjkqF,beef175ff2f58cd15a61ea0f60d3b9127fa41aaf204a640fba895745b5e8042c
mxrest_a8eTrWktL2,6f18a365088354a57601697c451d41ca5b22eebfd8ce3d61a85f33c36e72c38d
mxrest_A9ToVKJAzF,18f28ea23ab2284274c9ee052ccf179332be1dacf24e5a95c2787073adbf5141
mxrest_A9VF4zGadJ,1325df4ef58f4dbcb04477d2bf73ef7a126df277a516be511c215a835eda361a
mxrest_A56l0z6DSA,6e5c7c34ac2369f326f9060478d54ccf5c1096bb21c740f6a06722a089fa236d
mxrest_a670HoRBmN,644d21e4f881733f26b4fa3cbf6adb7ffeaefc577f766f55f046a9bab005bc2d
mxrest_aAW3x6xHd7,c6e4bc3cc923df73793fa401de83fedc1632cd4e943319e360b47f7a1b6c4636
mxrest_AAyZSPvSjz,dbc6300516a745264802fa73e4c1929bce371944836fb5f6039116f96d2f45e6
mxrest_aazSmn4cAg,3f64f675fdca2d72bbe0a90238db5b19d2741f6fa5332be779ce52eb8953ce71
mxrest_ABoOhUwRAl,359b0d58887bf1dd39c7fa5d1419d28542bf595400fdfb12bebb013d5730eb2d
mxrest_abq8KuabII,d4e5448d891f71d1d61e9455b4198fac78dd393ecadc37f39e5372d1c04ccce1
mxrest_ACadqsFNNd,716062ad2058874df59c4391ba1b988ef0e88028381bef2e01facbc70af03cbb
mxrest_AcpMbQXlmo,0e118600cd2d05b78e1707014cf6025d0bacac648cb031ab12a68d36d98903f0
mxrest_acYuNm867J,7796fd02c13819c3f9fdac3254eed9943ad8df6ae82c56ae95caebfa8b5c5d6c
mxrest_aD74jzKSJR,a3881d6d1c714079d2f217f52bd7ca841c2a3707fba93af73ba5627b6675cadc
mxrest_aDa0GKOFOb,b0b9a57ca460b535ea005960a9ff823ce5977b47c0d3d40887861bd2a9e927c6
mxrest_addoOELp98,f7d80d7fc443fe5ea8e328b95a228fe7e70ce56bb8962a0ab76d07b4be6bb7cb
mxrest_aDpLfipJLp,e0f9c17bba1f9124da5ac0b37c7bbc50f590ba8177f2167c2cbf59253ffa5582
mxrest_AdslVODYmN,8ec90e65c1381389541ecbfd820d532ef223e792836e92ad641741024295f29b
mxrest_aEeCBh9dyO,1ccd938c6aa999a114ea464b976a8fa6a1296e82ad5f30e04f741f2ef0c3a525
mxrest_aEoH1d9SlP,4ecb89389ba6f4bf22b7ee9e3c7cee020375c0937457897b0e510415c1b562e6
mxrest_AF5NAQPaEH,4bd3212216f8f255df25dcce192bd6b2aa4b1ef6e3afd0976cd9fa20d8bba8ae
mxrest_aFBOEMzRnU,fb2078a4b7db8b34b02ace65428373b4c5ab06f17df4cc2edbb72644b4e1c48b
mxrest_afwjcIQFUf,548b37b48005999fcc47a800ddf3e1143de0e331c437cec15e28e52e2d8ea5db
mxrest_aFXHMjrWtp,eb9b0fceb6b674c386e9b57115316104f057ce4f6f6b62395b0b4d377f746448
mxrest_ag6mNYBunj,a30208bfbe70fa2472def1a24c2f1a04ceab3d88efe10294eb960bb1f788432c
mxrest_AGhR9eE1ZY,ca5fe7d5b3b4624d9e3f46c3c85c588106fb7fc896412e3d7c41d7f5f72db2f5
mxrest_AGmIy96VXz,7f008fe0038ee31d6029de00f188a3c06f85b72593003db16e4beb1b437553c0
mxrest_Agn2anphqo,f34d2df47026dddea0f30dde12ca270f8ccffe48884bca2aad127d7bc7172f8a
mxrest_AgnyaUmGcO,882fe727b82680b73428232c50fd98a5aed294f904427bd55433a2502a09607d
mxrest_ah5SYu14Ls,a8618a998dcad66a72060e0674303ce56d5003587c86311e57da05960b23c553
mxrest_Ahg0mCZLpw,fcc3e8a8ddaff12e164e16ff3fb370389ccfbd271f33d82d91cde1e6aee68693
mxrest_AhsP0TJxpn,dfc90b08f0ff4af8a5d073b0533b8accac7da7d6f2fc64c4346b4873af7aac96
mxrest_ahZIz3FNZX,edeae7b958da639712c2e694670a7c8d656d5ad7b11e11f42be71deef060648d
mxrest_aI6vSWFM9K,6608e051e299ce2ddbdaf25512b9ea63604a39235e656594f6ce612f5c037919
mxrest_aiCigLdXo4,2454b1104c0ebd586468ea7b543b90e14445a684336a2fecb9064dac8cd6848e
mxrest_AIDkf9qXNO,81206e1e8140b7af860ca9b90593e4b8707268b24618c58fcecd6887d7cdf872
mxrest_AIemyg7jOY,7709347416ae6400b9be7a824a7e129edc98673579f88fd7e03e1f4146ff2ca4
mxrest_AIwdNGjysS,446565379fb69ea6f4eb0dca74997ac2876a3df866eb2e51c35255f3cb5a7337
mxrest_aJ1ifuOSRD,f234282c10db18be98110a4c14f7a0f88468d209f8163dc22ef572713016add5
mxrest_Ajrz5crXRQ,75e3b004bfcbb6560fed383ba5e1200c7021e5d92ee690e5bbe403779d5b1905
mxrest_Ak7SmvSztp,3ef50b801881e9042577cb3a8d8966daa22d0d27c1f1c2546d87e0c1dfcc7b70
mxrest_aKT53RcFlD,8e5cc20a94465aa299c0d724a321d1e23a646e14b56460bb12bfd81cccf50d72
mxrest_AmFczsCXbc,79f1b64c8eb4d41240cde30bf3b3fec5a48844dbc8d4deeb75be3e289114deb1
mxrest_annY0s4I4S,9487f15af6935b47ccaf36bc0e1c3dd9ab7536a02bd6b3056d92aba551f3d1d4
mxrest_anUnbL6PmB,a2f9724792ebe7614ab3b6b5a9877d5feea932e4327a9be437ac8c8fb6cf311c
mxrest_ANVxeSNRZY,c561c368d053e09f13303a7b1e3a79f826e2365cbc1cb941c031c8d978854ad2
mxrest_Ao6vshZEWN,9f93a31a6e5cc456602e4f7f27c27c3e14607287b10aeb317bdde3432eb51e06
mxrest_aOAs4uA3M5,8b33b8659137e13fd34c4b04f4db311f4687f2d0e1b36b3bda72f39ebd9a1b85
mxrest_aOKUQdX7N2,13e782f2618952cc2f4bddb8f75e27dabb114f861a913f4dbe67c0da279553a2
mxrest_aosy9gFimB,f60f8ace542263e873c2fe2267567380481c135edaaf8c59e6e9fee189b100d1
mxrest_AoV45cKdM0,3a6361d13ab0a3749ce208d20233e28e48893e6f08e15a4a002d119cafff070a
mxrest_APQzSjhKJm,82dc2607269fd1a55f9a1995e6d74b04520e232cb883779c5d4b55c5698b6704
mxrest_aPzn5zwoId,90a268cbcad1d5b45925ae8778a54c6878c512b80870826bc2bc6b15c627fdf5
mxrest_AQWFALT1Al,5cfac844829a75cb36a693ba4904952f7f60b2a3d23b2ab7261fe7a85b4ad9c4
mxrest_ARTqwwIwNb,b24ab7c585351101ef134c572099eca196c5192f2e77f00bc73644d299b3f7a0
mxrest_asAKj5Lc7l,9e86832184927905707908c1799ae6b92d34c76c258d79f23db7f4dd377925bb
mxrest_AsXCsznFUw,7e35a30f4a9df7bb932d143921126f6d33d0aa6af3b033c1c40e10496323ae8b
mxrest_asXt4X8Dsw,e125485df9beef4d6a1d1f6a606c28f67da36e8f676c81d9a90886a2b8723f3c
mxrest_atn06Hx32X,a0d9fb9729dd21ccf8fdac12749310168cbd840b874b7c3049a863970739c98b
mxrest_aTPvq6fiA7,876e2ed4d2103acb4f2a4b09cd603624b0a0de0a400e4782bc679e02090c2de1
mxrest_auDufunCRa,757ee9af21b742c087f5a9a2f91fe23efc06041bf26f7ec700065d289811805c
mxrest_AuXomDbxjf,184a827ed9f2d96785d81948011bcf6b4c139c7b262d9a8b5ea06c19452f43e4
mxrest_AvaA8lRTP8,76dfbcb00fcd794f23818035e840b09211e51356f2366685527614c8e3f0a86a
mxrest_AVfBiKCNYC,8f14764a6bbc10cc2f13bb7af68ffa28ec19dfabb8dac81d66a4725f8944b276
mxrest_aVFVUR9EtW,d3734d209cf85f55358332ea2aaf3099e8c37e44299f02559fcf92642f1f98fd
mxrest_AVhbRQMDa8,bc513f8298e428f80daaf71250e600ed5d914cfdd2da9a9243fa6098e362bdf1
mxrest_AvnyfqMWMv,4190e4df976b308ef5fc0ee56f43194786090213c67273be3de0700f72cabecb
mxrest_AvsZO2w0xS,43759fca4ad780bbbcdf8394ed40355c3f301751f3ced793faa9b799046401ce
mxrest_AXkhDG4ILX,17f554bd0efbf4097c23d8188811dc38febd66a59d9fa2352f0e83a2ca43fcbe
mxrest_aXlMI2wpAa,034cb32a2c89413696b18049650264c47fc8c14bd9a31b51159c470f3553a008
mxrest_ay2cREpPxp,e4cf7f8ceea7137508732a05060e23f81624f51c15402d3f6f27fc52e7718d13
mxrest_aYMGdCRrle,bbc3e3ae5b69eace59efd782765661d5be3a751268289268abe00a0f2d2417ed
mxrest_AZHJtRjAgl,9bf9940410e06f49809eca1c6d0405247e0b4b5125a9244bcee4b999bd630ee5
mxrest_azQRp00dp1,70e5fd2efab90968f875978159787377637861676ce445a3a54f053a97b69707
mxrest_aZRrhytRGF,d6bad129038fc80f9a81cb3b2771b457b58a88bbc8094ee39cde222ea00567a8
mxrest_aZTxkg4BAG,921dcbd5875d51852908c75239f01d58e6e88d0e510584b87b64be0f0281b18d
mxrest_b1ovPHXJ0H,0efed608a5c25c5dbc85cac569679a461cb7ede87959fbe3d26e39246ffbb444
mxrest_B3Q2vPaNGR,ce79e5d26080e713689ed999bb335b4459ecf11c77dc75ca6a071133aabdfc9c
mxrest_B5L4wCAyHf,5de000c75d1d0caca037110710328c5c94a199819c51967a31c7c5e7f5a33cff
mxrest_b5sDH2s2dP,7dd38ed3fd132095c60b15dc3375da16b0d963362b74076bfe4edf06d639d7c6
mxrest_b6kNM2a6WY,454159fe55971365dc9c881f31c38213e9c21888daccb10e0a5b62ab032d015f
mxrest_b7Hlez8tyq,5c9ee5895e7f373da052d5ef09f81be6be8ababa5ffb80cac97ec22f1357835e
mxrest_B7ym6kQp8I,df3b0216ecad25cab379ccbc0dac882433c02e5311c1c3b3141a5f96a7019c94
mxrest_b9tyZNjXmc,a0bf306b6ac71f8f550ab13e8d25b14f2817331912fa33ee9f3b4092aac48485
mxrest_b936vwvKG2,434866793d87a9886b57c177c965fa89839446ed4b2395c9e5dcceafd899b874
mxrest_baaqoSu4Vp,68c2811048b82ecc1d5a59ce4c54dc5c31db07991754a520b005c7a135164f06
mxrest_BaDl3wh7cp,ef612330021eabe2cd4bfb15032db43703182ccffd5c3d52912fdce3b8d93b6e
mxrest_BaEimSbjc9,ea2df9ff274e5fd43987d304e3f9262f5c17f594f86db63785b89aab949c668a
mxrest_BagIrz6a7I,7dd68a97a472b044edc2d8df822a97fcd82753ebbc9e1721f402992870f4a66f
mxrest_bC1i1BBg9o,a719533c384db88dee6b94800316aa5f224f2fdb323986ae3ab351ffe59c7600
mxrest_BD2GSZ5ObF,bcb5f2158d2de862725709c6a5d22875e0d0fba8a58f25c560f0a88091c4b6cf
mxrest_Bdum8HM4mJ,6772039cfc57fbeebb3c219c00a2a58849839569b1ce1098c7250cf77fc8b803
mxrest_BDYDmEEDkD,e0d99a5cb5ead3005321b24f2311e0d5f5e8d90bf4d825b568b5a8b78bf51e5b
mxrest_BedOaa8scR,a4c86af431802d5da69f78ad1eb22e82ca34cdcdee7e71581657051ffb7f3e16
mxrest_bfa8ZqxEkd,250b78f697241ec01842752bc9b89698d479624cbeaf1fbca877a57b3dd2afd7
mxrest_bFJjpZopQq,72003636835497003e5a9480d938e5754e3c4b73d00ae6bba898832372e93bb9
mxrest_bFWUINqmTf,996b47c3d3efa544469fe5a086d4bfe4f601acbbfc7905b01350f71c187dc79b
mxrest_bGCLZE6qKN,0bbb78ab975bff8374628a0635ba786f56f8853a0bf19aad8172c3e1c18db044
mxrest_bgEg2hFkrn,8e844b26a4dddabe137c6e42c3ce957d55d10839f4a06ce6e0748885bad0f588
mxrest_BgNbOeOoNg,9bd67f11702207cb30bd82f32ffdc111f0a2bfc64248871a2b94df26033a269a
mxrest_BiEkGg5bpM,2a1f799f333433e8cd35ef9706ceddc487da5d8fccdd39893ca5946a1c0ad051
mxrest_BJbcBIKDcQ,d5f5f665f2448c8b335f87f3d0b4f07061244605c47cbee5f0e16414239dc290
mxrest_bJBso8uejj,e4b53611a1969f1e0d86d238aca0b7a1c25714bdf156cf1b519c7c11054fcf65
mxrest_BjCSMCbeNq,15884d12389191b95006e432c8aa10206b2d7ff977aee6b3f1b3c3559044ba91
mxrest_bl51giNsH7,3f2390e8b06b75a917d09060f5d85c9b629b46718d964121c37a81a4213cffd6
mxrest_BmamzhCfnX,a755a6968c34937b53bc31cf76a4d5bf6d9f2fd29c7a2b22d0d5fd02280c7734
mxrest_bmCY138oOh,2a9f130d09404abf471942d40a09a0aaf6e487ff9c575d73d5adc295b05f56a6
mxrest_BNDLOxYETB,e451bc2073a773e19e6e9811daae5cdcc057fe6ec2f1830bb086ebc95fd0cc41
mxrest_Bo8Gpu7Z8n,90c93cab99cd796e1b79dedc5910bf02761bf174242050260004f8dcf00def00
mxrest_bon56xOLvm,d73fa7ae9c3783db9662fd1f1413dc73449a297004e36da7251cc5dd04c64586
mxrest_bOxphzzZPH,da706803a248ecb28b4d0ea50c03ac7f3444cc0225a994f48ef32c4d00db51b9
mxrest_BPFArFbuBj,ee8ecf2c98911b4fd426b137c56fb5c0d6720f9ecb6e5c9511e45bc2619af6d9
mxrest_BPro2P64AF,772d92ef8674b17bb8ab910542f12024d55f0a3424e4e59e044c72d1b9551003
mxrest_bpSeLWhsvQ,6866e35f293e51beca2ba49768596169982fb591ba63021e1d63a27f64edeaf4
mxrest_BqcToOLdud,5e68e17caf01b35f246a87d4ec112b95ac00690bb5b20fffea70348b404f9ca1
mxrest_BqSVQdjcK6,2c7cf2db06c364b796c75c751f6d44ffad8a324137395d042d00a19ccedde949
mxrest_bQUI4u05L0,e81a98f6814c32e7bbbcc7935ffa6e94da41ad16b050e73987aa2c2e6ba27da6
mxrest_BQW3KNVVfj,20193fcaa9bff1e19056b6b77256464530fe1360c03f134d0fd23a256e081179
mxrest_bsryBznwsP,45867b6e70c9c6f7621145ff113c3efd8cba60366c6593b46ba1b10c16c75fd1
mxrest_bT8HWaVchy,fc36be00e502e99519b65376e5fc5d4784c07be11d785186510a3bcfa9e01575
mxrest_bu5ZRPYqkk,db09ed51b572e50af42fb67bf7895a45dce1c041ca27291f666e385a8cb7936c
mxrest_BvzCvpedFh,c55e987d4fe23c590d17802b1a20b270ab4c96e43d4fba9eafe0d06203302983
mxrest_BW5uY7OmFI,14057111a056f793486f22a5763783bd00ab79aeaab6ff88054cb1160c55d44a
mxrest_bwI399QYL0,ad2dfe197ad2749dd2ce7747e11a5c68039832bc61a78c120ec9ba3fa824405a
mxrest_by2MHt9Jtu,0277f327243f6c90d2dc573ab38da9a624ac4a4e54a1615519fc63d03bdefed2
mxrest_bYKF7XwCQv,a69f9c7dc087f74d3008dc0419b6524c7dfc54838032ad62054262b0d67aa6ef
mxrest_bYv6uDY6iI,99275f6677f5bae895b734506e7929d7cb4032a0cbb17d9434508a41bef2eb50
mxrest_bZ2g53JKjj,fada92bcf4879ea13fdf3121218dfaab4c8ee77913ddddc05d89a6bf7a488872
mxrest_BznJio8tXD,79aa881fc7ae5315c38f5951f76a92d96272d8c72a177642e881ad4657b160ab
mxrest_BZUD3zqHTQ,01797d4f485c2566a98d0e05609251aba543940afc8a441e8b233ad914d61ca0
mxrest_c1C2PYn4zH,adc9d32dfb63c2f580b6c762744c6978e30e8949c136494e3e4ce21131f75995
mxrest_C1cp5HK7Vj,0616fcb2a53f158577f419335fc11ad35df5ddcd99cb3b9089559fea52aa5e71
mxrest_c3cZyva83m,f16b67ef55ff2a39ed50de411323485757375b8abc1567ec9b17f5debfd1df99
mxrest_c3lWDiBPQM,f91e2d3d783147d5d57ef1016f65d81ce8eed44a8fc262f8aa09ee35a86f423f
mxrest_C3MLZ9DnNH,fb0ab78668b5da66eadba53d9aa9a4fcb817ecd07e386547c9da37c20648cd8c
mxrest_c4cdpqqoTy,23c934573d1213139086407c66bed447f9eb25771accd49619be0064d864b2a0
mxrest_C7d8fs8D5m,6af9cdf6f99124800840b569f72d0773ae13ba5d29ec7cd287ef0e074c181bf4
mxrest_C26GWeyhAx,4665d313080756b2512e93442477e4c2b40cb53c79b6fc3b1210cdce08a568e9
mxrest_C35wYsKTX0,f51ed9b79cda0391d3c6e5a2cddfb0d15219033c7a9caa090372960899b6bc5b
mxrest_c44pG6G1HN,163d72f0a1bbb63c7694d1bfaa2e9bdcb54cee5c9a18804eb040324f53f45fb6
mxrest_c66Nq4XGkA,29654242a16143087740104afc441d7b43b5973661705df86f96527d408adfb8
mxrest_c89yNPNi9q,131319594f0fbc041849fe5fb9a1ffe5790ea003cb57d4869ee25ea0c993e941
mxrest_c95KhYmng7,7ff9f8509c5afdef46509f680c8789453f3bce619dd0e568337ade3bc8f4167b
mxrest_CAQPmLPffa,029d3f4ed04c2a39eebb54b27923b9800f1388b6db6a4ce4de4d73b87e8cdd9e
mxrest_cB6AErencd,00e68f1c437655bba3152661bd50b6cca4acfd285aa16d4246d54279ccef81c7
mxrest_cb8u56JDRf,cad513a0214b96fc68cfd0b93884b11bd86b7863d5fe77ab86429f31e0f6e461
mxrest_cBg2fnKnso,5be9ed47693fc046e4aaa3939c400a9b3062479d08791ae04095fc58ac71fdfe
mxrest_CBiGbOUbrp,ca527a82ee0253e1b3db7350f0ae2f9d569552694498df9005e9f251a8d27c1b
mxrest_Cbx1RhSfoC,008faffaed2f05d5c74feb92459be3c8dcc09664af1d81ca37fa8761e2666b40
mxrest_CDgj1z5RNd,836bc61ed718e1f35beb8a8d8e04ea990a6f975d2ea5a8236ec4fd82dfba8c03
mxrest_CFGP2KGpSI,f4bf498b2661e2198eea0ae69287b1b62a6d79f1f340b91e64f899e920b0050f
mxrest_cfuiKwkmFH,b7e6e2d9d8e2e8530ea74f7b28e17d280985bebf815670597c7dd36dc7580f7d
mxrest_Ch3J9qHwxi,817256adbe1100c6616360eefad212f6d91bf95065873836670af941cea82aa3
mxrest_ch5hgLs5Vf,8e778f5de4ff31c420df7da7a272aa4accec1131326a1e0daa9568a1530b1dc7
mxrest_chh8aXgO53,2ac64e5ddf8c0e00f75e3b7d4d7c4696003a3555a6b05c2e9aed717818586dab
mxrest_Ci0Pj6fS0K,0dffed0fe08ec4f78c8c96fe34d01da11738963cfd2097ad67de03ccd6607299
mxrest_CiGqxPkxBA,91ea1e736f3c4ea07ddb2b4a6a97069d0637070040ca4c14e4a90096d91c192b
mxrest_CIY8p3vtVr,a62feb0b1755b696761c0f3f1702d0c0b41f02faf6da2fc58a606d608419c98e
mxrest_cJJeAAwPiG,f7423948b0dbf31a0581f25ac160d66b83b3800f1da57451a82355cd8874f945
mxrest_CjQ0rVHudZ,341ccbbe65933d9c9414514dad4df8294d309046ecb87664bdf5e9f8fee7a500
mxrest_cjQfXe0Qcz,ce36750ee9888d5bf4d47bf17165258660ad803ca04a2bce674edd51cd91c0da
mxrest_ckcjRfVsIJ,7feb095a667fec7b97b4f7c2120f9b0cb690dcd750b2946f502fc9c6dc48e50e
mxrest_CkrU2WHxMv,7882635edba9618c3972dab85bde6e3f92d5ebe1247ac1243cb0c63e091d8b07
mxrest_CKU7tFLLOb,9765fb3132452dad3414e380805ffb6f6815304f4fee5773f8fea2c3268c2f0d
mxrest_CKvQXE0Hud,a4b69f0c3b3536a251e7110f3620464ed8d841c9d9453dc6bd8716de2b72c22b
mxrest_ClBV2RCnqC,ccbcf35357d3b55c46fb58769a310541cb9e81d625f3aeb4e5c3b670c553e911
mxrest_cluKGwGrzx,e7eec853fa42958dfc7b16525a134a20bdbda7ebac3d0c157a9cf70c61c4a42d
mxrest_CNb1w5X5sL,63c4f133b60fd15485df99edeec39bd65db5ccc68041edcfb87bb346a2d99d0d
mxrest_CocLf5vmh0,be232fd71faa90b8631333512d3b378c961291a56002a3f72611755e48111aca
mxrest_COdQPv9Jww,4767e05e15c06384eebc49208fe48e8540d95592dedaaba29a37b6ee0d4f0464
mxrest_coLTFYWleL,665374578dd063ae16717422644c409bdd847558497772fc77792224fe9424aa
mxrest_COWDMk9MAc,f8bbae2979b9ffc56504e0573862fd529daa15d4a2514874b8b3f3f1e7de5396
mxrest_CP2EOd69Op,66f42f6c6b889c586384a26157c4da15ca1209f3a70a55890187dfb7f8b48023
mxrest_cp6REEdFK1,152bfc0389d3b34cd1e2b9ae3ffa46c098c98370edb272145912d10822580381
mxrest_cQn6AhA1xs,2d48c1213162e5c221933d52213e8372481caa11d4676ea3771dda741cd15b4f
mxrest_cRS42ICYJF,f71d097c79bc2e37a31d1eac0c19a7b122ba1f094b0cb67afba52d6711d1d091
mxrest_CRZiaCs1s9,4c9bf72aba4818b4601ed3837903ef9805ebe20fc488114c6ef68f8f22a6eab9
mxrest_CSnjdaZovH,e7adff9adae727fb5044f63244e4810aa38547968e23815b0023576635befd5b
mxrest_ct8es8GLpa,5a7b75d6f08dd16c63a2f707a439d4a18aa034ade17f357b32c454d6dbf91262
mxrest_cTP1vCAkxF,43c8449d2666f6dfe088695ea8538e7f0f6acb8d66c4af50c6de2c3d2a4336b8
mxrest_ctSAA2G7wF,71d423a753bb6c2796eeefa1b46d1462fe93d81fc33da23be84f51cb8d16ded4
mxrest_CTW2nLuSO5,292edbbdb82f79dc8bb50f2c9e35d216877947f902d5b73a1c358d204734c4b9
mxrest_CUYEayXlRL,cf55fc8be5bfeb70960e4945aa2a9a3f2177dd1efc1eec44b5a533e36ab486f2
mxrest_CV2282SrR3,8c1be66cff57b17568bd3b24b0b9da4a0296e44552275aa7da02371a15a5d08a
mxrest_CVwazbL8OQ,e0d163eda582093d0cde0862a1473ad6e1426fd2bd6c123bf71b315406982c11
mxrest_CWGMIweLHM,02433c62083bb8041fd120a30b5e456d006d2440cfb10acdd79af296e78ff20b
mxrest_cX75483G4Q,879bec8f39c1c30172e416b05b90358dc90cce6282ac0b001e0f42c0772e0919
mxrest_cXPQUBXIzk,3bdfa6f6a8c375819f75add13bf49299724a6754dd5184d26e8d51c96d4742ab
mxrest_cxwRzztzyG,daa8ec6433b91c6eaad9adf3500c22d03b4d9ae656ca3f840f976cb1ff756141
mxrest_cyg2plmsoB,e1a4f2c289b06aa6add5d6cde40300c40f91eb3ce2c76dbf7d020d59a55f805f
mxrest_cyJoTTfB9i,d34ea72e9b657ee6b910069fcb75eac111a092e66440ab9546603c3dc67c5945
mxrest_cyOWWqqNnj,a205d5543ea97a28eb5d4e5514c0f6601666a013249178963201cb411db05932
mxrest_CyQxr3jlpX,8952b515453ce22d7798d6e05453eabc4b08c05dff0e29e55a41f029d3fb61d1
mxrest_czi48KbEkw,191e16a7001a559245ac80a5019d4cded7fd4e5a74336a9421b8d4108a5ec412
mxrest_czkSFamJic,7a1e8121f0e0574a477b8dfa9c708e9039305d7bcb9d112dd1f53d15c80c661b
mxrest_d0RUlddykZ,e8bb2b43308fee5fab891b81889ee816e9e810cd9f4bdecbd27293b816647d76
mxrest_D1J9rhg7qZ,f1b01bd4223501c2bab66a6ecb7a500c0d8ac068aeb54dde71384332a26b54e8
mxrest_D5cBvPj3Lj,46e8e3633b6ea3c1cd558893f3e749b4aee6e0ec67339b2d2d5a774f0de53d52
mxrest_D7axHdH018,9735a0421cbf8cf7f24b4b47a7479b1076a8b07dacaa1c8ddf8b0b4a99b4e4a3
mxrest_d7IfGpnJUv,44e631434b4db42dd7ddc8967cdc7b8ce6c0e80882d731c2099c80b871a09393
mxrest_d8axUJ0oNq,4f9249066f8beb392c5d4ef23d764ac98c0c8ec663500c709c5219a0989b51ab
mxrest_d9syNdcfMR,b18bd79667d1dff09d2b388d3853bc136a23440c0c4283532f9c7a6adadda0d0
mxrest_Dah5QlpTsO,b55d5e12768ee55885915bf4cd5fd78bd9aa0d9e29fddb1a1f9cf4087cc0e635
mxrest_Db3vh7ofAc,c3fbc3f829d01346a6d54ce0420e127ec8fe3413a2b4de2d917113b6dde9e193
mxrest_DBMZgy8eGc,cbd94a725af125b8630ff366d13fc3160a8b4f0363b8868ff6d3074cb9dfb40a
mxrest_DbROdOT7ek,15791e78dd0295c9bcbac35cd383bf345b27bdd62f4b2dbde94ef15e83e84a44
mxrest_dcC9G0zSpO,e7f385320d101e43d72cfe0b3b6b02c73debd5d568f4e1ff689d534251c9997c
mxrest_DCdPR8VIfX,3381a12e69ab347bff106afdc00d4556111bb966ef03f2c1621c14e8d522944e
mxrest_DChpPgtYWJ,09f5e28f97c8473ba775cb524d6167cba4a1fe5cbddbb2c29cc646f0333bfb08
mxrest_dDWaL0SDFz,ce7bb5205b0ead63cdae088923826cc17d92e81e0faf4f9de20a667f8aa24ffe
mxrest_DGlEk4wZYd,f2df4e374df894f474f086625ddb3a43993bd1778e844ffe82a53cf88ce8bba5
mxrest_dgLvgy5zkj,2702fbdeb295c97c594a1584f866155d7d210e106d24837976927ce68e609375
mxrest_DhEyBrJfGv,dc2b166962e18ab7d15356e821e72f84ef2e572d17346b38170314d2b7deb30d
mxrest_DhLMp7AQSh,c8370ff920e3cc43e8cb687453e43b12df98c36191ef5a7eec96a870b7166c42
mxrest_dhUYYhNtaR,734d57b9ae08a8eb6f1e5fbe662a1766008d75f97d1296c7534a9539bd5a00ab
mxrest_DIJD4kcRnR,e7fa9e652662bc43554e695a2cc3b079ed5189820fbf9e2d6fddd26dea9f1b83
mxrest_DiVcDS17EV,dd05289fb69c97bc39d77541337b6ab662c009a13765a34d0b7ab718a88984db
mxrest_djC7Fm9jZi,12f158c1a4b0e8184cae8ecc7121c79084bba566cb927993e421619cbc609832
mxrest_dJD6ztaIXp,c7e8bf5d317ffc6de32a5549e0c0f56fb68d48b102e1b4e0994736b98fc4d95b
mxrest_DJf4bMf3F0,e08e328497fbeeaeabb2eeb64a9a5b450f8acc7a65f6f9410573c68c3cdce33a
mxrest_DJNGr2i7fa,98b25cc0faf050699d16e1f2e9dc4176fc0aac933c5ab6ecf0d4fba5ba620b18
mxrest_dk5CI3YSFU,543889a0b11a580b5fbefb8e884e44ccf4f0e28fe550a04f465c38f776a45c78
mxrest_Dk5UTX1ol6,89b02d1858b1da44a9b84b58756d13fd261be362c89156f0f132a36ac9d8d377
mxrest_dkicKUJL3w,30b11fdc4a5d8431521394f786eeae254fcc36e0337db174d4897414902dde55
mxrest_DkMdnxwbBu,a1f3b93f3356ce2c0b05c7b839dbd463ad0940f69c28648cdea1ff20d0916cf3
mxrest_dKxDheQRg1,3a937fc91d7e5a66fccc7cc30db8f75ba16a3a2c01d5b6ae15a3e29da735e90a
mxrest_dLWb3kB9K0,a80f905e50ff99b57f76b1c526de1d2de4a1429cef74e00a7a8bf2d175e65ef0
mxrest_DmFaVe6HF5,3b6f607d8d3a5f77288a4e9e2e96c180c227f98812a1a35e88108f97911a3111
mxrest_dMT1HPnb3c,ff17778c294108899d3dda9aa87e2846c5a29b9d6643aa81b17132155eb021e7
mxrest_DngO2AYrgJ,e834a0deae211a64ec982cb12b2a461a57a3c4264d0fc1f31eae3c3844911257
mxrest_DOhWyKnMop,a5d69c848792dd8ba8647412664e2df2b70d3b05fd1efa102cddd1e5b2d70943
mxrest_dPlWuAofSd,06ffcf0d12858abb4525f7f818195dc9f960d1c1d719d913bb0d8cfb26573cc1
mxrest_dPmZfLb7r7,bacf681c06d8569997bb2a296ebcd822d9b67caf7d514cd0f17bcade9f8ced04
mxrest_DRc0yjRLRw,2da6f2f57c208ccb5d89cb6b4129caf1a7e6148fe7bd9e6496a64ab4c32d50b6
mxrest_DrHpvzry83,1e5a228287fd21433286c8af02c212e9421fe327b11f5e3624936db7166fc86d
mxrest_dSGwULGyeR,2a5458b41c76e1da6baf95a8d0ebd9c723b40acf8e9477c62ee6ab77a6774175
mxrest_DSikvaLjdy,92f026000b24f6dd0b6161b5100e83a396ad27217e15fec05cc99b06164c9a22
mxrest_dSy6MvjtE3,d9525e9909bef3cf5b3e73b40101f95a4a6c3bf2545a0808a15d2297b292c7ac
mxrest_DtS8Q8fWTW,1fe72ec68ef228d4e7c523da16756a685e3ce6a6042431f63c769ce7e30a5b4a
mxrest_dTSFkWqFXK,66f1df2ac83cf7e10dd0f50522d6ed3939f09031665c008d9459b6abc8278452
mxrest_dttdVV70PC,6f20bd785272476496a58fc92809ab353c9fc6336bc2081a5c0ddb10bc54aefa
mxrest_DTwlRZ6hXn,99224c9d5bb5dcb42f62e33930cc5915be11252b329eb5bcff987c137d1cccf7
mxrest_Du62TJMhVy,e494433a356bfac2c470e1b875ec963b808a1d6467f8f55c8078b60df0b60c4b
mxrest_DvPfZH3nEi,2350872c4463e69b7e233c5e45c06575f90406c0c938d4b20215a83b3a37f9b5
mxrest_DWn9ZlQC7x,c3514207b483986be40aec2e556158c7b476691344b7e8784c4344a4ddb8e414
mxrest_dWoSc750Xs,0abf1e5be328ce856dd7d0f8d11a5a39cd32186aac33bd359800bd70181da3fc
mxrest_Dx0b4mIYp3,efe1e3628eef058079e403d2555617ed651cf8c407bf10e4313484d4e10704e0
mxrest_dX0gaWmJFH,e1bb008a646f9da3309c016dfb2e9191e7088ee3a9091abb6a92bbe68cba86df
mxrest_dXAp8iAyn6,77f23230d8dfe4d8e0dc45b8a07f07febb364aec2bc4c50c2f9876dea83049ed
mxrest_dXLUj0xQ56,480e184128b279f98caf938e12184d2d141ac461db8fa6457645d1516e7874c1
mxrest_DXWbRZW9zC,9335d9604d804df20332eb1bac204902b03d9126fb8fcc07be817a352494855a
mxrest_DYlYJzOh89,94e98bdcd89f9942b24803a775d4605d824ee4170bfea11f245481a0475f0cd9
mxrest_DzCOAUEqXa,c05cc0a4dd7245d440654209fe164c2edb9ade6be40c31db09df327fcdd62b86
mxrest_Dzd1vtu0k5,3fb404d740b78f85fb2794b3ad01efddd48dec58dc101b62e0f20f734788c8f9
mxrest_dzXpQYKYVB,ff2bffd2f755b366df3a715f047bbb8d660fd8a5cc4cf8ea1bef337313644b2a
mxrest_e0haBNvaA3,ef4e4fbe93b9e492dd55b4d30ec79962131b28d3b62cf51f2f87012995e4d520
mxrest_e3m1CsH3IL,299a6c58c49d7d54d0d345a7fa9bce7e479b634d3a1f85c54a3ba67581470f50
mxrest_e5A1CKKaLh,8241c25c1a34c523dd9a31bf9d421cea1cb03dcd4cbd689b11655f76d0c05e8b
mxrest_E5HBmpzuTH,147c5c4849c6e98b57c259dfa29fbc3757da534ce08842267469c87a9ae3991d
mxrest_e6QqvcRGy8,ee62923b89011d9ce25bc006674b64d4d8c5dafc11f34f1e6f1e5b0c2b2d6fdc
mxrest_e6T3wCzpxV,c6d00d7494fbe1370abc77a0685d1ea66a81c6b82346d3e5347fc7fbf2effaaa
mxrest_e7LCiFwLxx,ad66cb49e390277b4a126fd612b6193809fad83427a53421229035ed17f6068c
mxrest_e8SrVzyu8T,da8be6217ff6f429b58474ef1a3deef50a5609563d03edd91efd5c01e7945872
mxrest_e8xczCImdS,4ff6d9da8ff78fa5447f622d8d8cc8c5d502b522638ec8500be16fc38995e26b
mxrest_E9kfF5nCE2,cdd0ca104283786e1c9d74b14675397dfd79c1933a35ba249fc7241d71b7b7f5
mxrest_E9tQBNlBCa,23d1252a5eb1c80cbcfdc0d87e4e9ee425a064f93eaa8fb9333621321d46e0da
mxrest_eB1o64v7nt,11d895095658dd382dda3481dc479f0004afbab2bfb2cccb503dd5e98f1310a3
mxrest_EbccFMaDUd,724b78ec22b6be40ad29ba5164e8f1c9eb6e505e4e6abd176883d949fc34418f
mxrest_EbKcQQ0OnC,d9f8fa09ca157e7b0a9da6221b80b7457c99afc9d4730b078c05b825f1ee3cac
mxrest_eBOIEWUDri,2fb189c111bd4df875bc032fa28c3945bf2a05851d82331b9aa7e7032d2cd85e
mxrest_eCiVjpL5J5,3d4b80330980d21a02b2a1957d544edf587ad13e57c7f00efffe17c1539004ea
mxrest_EcrmjMR5B5,fe92fcc80304e6aacf36ed879874c61bd5ef01d769285a629d9696da73fdc873
mxrest_Ee5fLWWdAE,f6938eb7e42f25139b32db6984fa906824d2c851241126e9853a43c78526a90e
mxrest_eECoF8Ms2k,c57cc80126e66996817011c2a4bac87c8f9bccbaadae5b8730416e8d2e647e66
mxrest_eeZKGpfQe5,7a7d18c7801a00d47921e77e139a553ae6ce51ff607b023fcfaf8f02a93e5b76
mxrest_EfcSP9AVdH,0feb8aa1f306f98a4a37fc49c49a5a245890665169e1199be5a564736039e67a
mxrest_Efy6fk0SiN,cdbfca0973861876472ea8abd770342e26c2cf447ba686aee2351a20f18e886e
mxrest_EgVGy6C2yT,a474db600a3a603412b352b62594468270a157d92877ec570075b05c395ffb9a
mxrest_EIoHWkkAfU,7ae2945e6774b52c2db5dbc6e1796e85cd369094879691d73175827c44ccb35d
mxrest_eixy8HDTIC,6593c3000555fbd76f4dc2413bfd2a9500492c6fb1c2d6c3f388dfda155a75c7
mxrest_ej20hOXv6e,f7a7c2569978cadedd15d93a3f555916b58e16bb91956f6bc8273732d000f94c
mxrest_eJOmNNhoEv,2dfe050ccad2d3802ae333a08b5125e64cc42385c447e17c022f3794003b7bd7
mxrest_EKCPBykubL,9b6ff35ca4457885a52486595514547b2a880b8ff175a8f48bb4a13c4842d872
mxrest_eKMKG7UlQc,d76c427910fddc0fa29c5d1a66d215583844b5b453a07383c9a48a497da84730
mxrest_eku4Qz7T53,89f2b05f05ca80b25092608c8752827f8375afda3a231eb89591768762e80143
mxrest_elUEbjKblg,029a8484f07d1dceb552a10aa299a3624cafcfde5e38b6bb7de7153e1fec2d0d
mxrest_eMofGJwi72,f0a4bd04c9a9f48501ceb29b148af133b2b1c08db69ce3e9ab2eb5a73749e8d1
mxrest_emR3zQBmK3,5e5bbf109750a918290dd6fb115d46963bee220f3d3c447e5fb06796419749a6
mxrest_EmVcdJ9MYb,eec801dd77297a68388144bb5088f5f99c99baa71d928200d62f3626c463e608
mxrest_eMWdA35YGL,c4a0fabd58a5923e4a13de5531a3c687f59603cd660d076a25eb5f9897ba29ae
mxrest_EmyHQx03c7,9212dfe24ab60a7d5dc85d6dd448a367218d958f22bbdec730ac599dbaa21569
mxrest_eN361IeNSI,954eced5696e4325b2c530901729a341d6d83f5c8f5d46390621e2be36ecfb56
mxrest_EplOTkISTW,6809dc447d4fbcbd28d31d870beb8f7d4e2f2ff246f9757e7885b57d1dc0e234
mxrest_EpMEBqAmjg,cc67bb698a324eec7c04d93b900962b4601db86bd9ed9af7c1abd11c4b709c7c
mxrest_EpvHpGgDbV,6f3f311a4362182b53f49cd82a8da5b8a9d248b23403ddae22dc35e644799dd6
mxrest_eqKCkpRWM3,75ce845e70568a031be9a944d7396650198d1648d39cb82a772f404ed79778a2
mxrest_erScxpsVov,c918cd68692c52747d36cc45b5f42ae318de5f25c7cb28d72f69e4ee30b7e172
mxrest_eS4UA3kdwc,9f5c099eda11da71a00f6c9b2d223180aa72f6d4283ceec7350379f7cd6200a5
mxrest_es8PTjJ3f8,721dcb293c0e07af2ba0d8b1aac79fdd8d06b8267464ba46a71f392c43db66af
mxrest_ETn1zdAoV4,14758e8699f94afe544c859c15793097234f82a628ca7212cff4da25be13295b
mxrest_eTRSl5zPUP,4ce8270f9febb34186eee16eeb8148bec5df4ef1139e11daa3e65d95190fe770
mxrest_ETuqDfmqog,7ab029eadfe6918cf80491a36d389559aa50fc70f67275b9cb36433b00616236
mxrest_EU82S7DeEp,ef7f24944d0a3dde06bd648d9b7c2827d2f5002b194a2939bdeea879601ad937
mxrest_EuCntm7AOr,bec918c0204f7af9e8abafc4def81840d76110a599dc91c46ef39fb20e77c891
mxrest_eUv0mh3c3g,90048526b220ad7bd1e5f5c9419ed2ae11803e85997a6501f8d9775106b48650
mxrest_EvnMLtHpdu,44182801d9243f6695967c602f93e7f287356b13a8aaa03f5110ea7b901ac798
mxrest_evPK0Tuubr,1cd65c2b317635b44a8158462e148c5a307592dfe9a8fe5b7e02e5f4447529cf
mxrest_EVpwThlZAP,ba2560ef239ac752e9fd3e9a19350fce59eab7f3b8f9b1373c9cf50a6d90be6f
mxrest_eVZoVdyvk9,ca31f219b3926bcee7adeefdab9960dab2cb797c2a4724a8c4ed04bd999066b3
mxrest_eWHuqQxQw3,5066bd9a5e594ba2f3ba63b368207fa63195b842d1b2a2c7f43151c74f399a29
mxrest_Ewn1T32D4D,2afa901c1bd6a5e8c625749fd8c02e36dc9395599c7912fec4bfc6761fceeb10
mxrest_ewylzPs9LU,52f8d185ea77496b61b2d5628660961af87b34a2ba2dd26371ca43638353eb1f
mxrest_EX4gLJv8lg,ace04e4122f484821dd883a4e76029b7f7442e82ef6ed51fcfe49413abed0a49
mxrest_Ex53p6HPGI,2f2d4164a8b339f96f6e23eacfa6ad8baa0042c6414840cbe833da90e460050b
mxrest_eXZqpzAYHO,1774fccdbffa42a77d99758529ae34a9a2f3597cd91b77691cefe5f6a17e862b
mxrest_Ez9zGL2KGs,afac49b95aafda20b4081ffeb858e6680793d777e0da12401c276afc30c525e9
mxrest_eZS0FeALh4,54e3b5c0d97b6b37c1b228f9bbe246bf46857bf66c88aa1642e19c46443d282f
mxrest_eZVkk1IJNP,f1a65aa68eba4d5f1a22e630d33fe700ee30a001646157ac94dd4e06f432730f
mxrest_f2hJnXhXuI,41420c0adef234ecc4e44a83cbd89b53cbace836d29e41fd5cc0605fddfd1a8a
mxrest_F4peBltm6s,3a958df322dd98fb9beea6249bcad189a5e63f51eb3691b849ea790b6f0b9189
mxrest_f5JkOiY5Q1,b39a63adfca5c6d33639b52377c3ea7075ac4a8974c88f5b741543bffc1ebee0
mxrest_F6C6dnHEDj,33faa82cc2364c9a7738fc8e88bc2a22e29613ba203997155d3bf63240557b3e
mxrest_f7cl2Iyggq,9eced6c2149e5d2ee11fd6329f8a8f76b396d4c1559fe9008be768c1233b7d1e
mxrest_F7mnoBhI2q,070e1b5f6500a963b6680589f2204e28a00007b17d4bc89b4562b9fc639114aa
mxrest_F96tYNVSLw,42bbff145a33df0cdb182c59fe6979db21ddda4465f2eb50c8f40ddb3867b7a1
mxrest_facdf7uxQg,2eb8274880942a6bede5a5a4a731bd4f9631691f4b54f50eb6efcc98d932f712
mxrest_Fax9p3W928,dc0d10f6f374b1649040e149740bb2c6bc654270c10a6bb60270140514462108
mxrest_FazypAxr7f,a74af0a625e7bb19047ab247a33c84f6b34c37dc25a1de5929b23aebd757dab6
mxrest_FBd78VONDx,95dee8b48dd1698c9f663023f942dcbcf4390f3022cb560c3637d4a1aa0abb13
mxrest_fBju4eaXOV,c12da9c8fc3fb622bc02a58a4a267c43f28eec9c8c6b21cbbaf08b4250f45d0a
mxrest_FcfqFZqMZu,9e75cc8cf8b24cf0b2ba7965f679618728e0f768bc7143ddc24751446dc8ff1d
mxrest_fCrUOWAqvX,7b794fa64cf1a4fbe18dc95be23e74dbe1ad329ae9d2bd09d71fc87e62bddb09
mxrest_fdH5Jmod7G,9fb54b0ebc6bb8592884cba8ecb9f73421d70e36cc059daf2feb39e6381f597b
mxrest_FDYFLkEIvc,08bf897d8f96e4f6fcc9ceee51f4050e985ac858927a96cba4db9bd35b111c74
mxrest_FellI8OEqK,35a29508c4e8751bdd0fee7d97dd66d118053002ecc577e8c7b4256ea4baf715
mxrest_FFhnnwIISM,7718b7bdbadaa97562226d9af13a5600ea5eb2be0bf9680679f1012988e0bd64
mxrest_FFmokZh2qK,05e11307c2aa612ade4cb3f6e508fccab11d7e49b76c96563f8d6f2b51f74f72
mxrest_Fg1oYo0XGW,ae2945646ef9803bd23ab842a95d0a3957864af7e103273d9d193ef8feda7cfb
mxrest_fGQLloIYX8,33848bf088855f071f259f187973282828ad5c12681320533b4840ee122efa34
mxrest_FhXiUI01gb,de7061c1d031c0683d510cd5adea6e2fb40edf6a23c5aa4ec1a249fcc5aa5100
mxrest_FHzHj0hoUL,2766fcdd95561dd731fe30d3d309181a7c82b820bb2ee7803ca400cfd4145322
